-- MySQL dump 10.13  Distrib 5.7.20, for macos10.12 (x86_64)
--
-- Host: localhost    Database: CleanStreams
-- ------------------------------------------------------
-- Server version	5.7.20

/*!40101 SET @OLD_CHARACTER_SET_CLIENT=@@CHARACTER_SET_CLIENT */;
/*!40101 SET @OLD_CHARACTER_SET_RESULTS=@@CHARACTER_SET_RESULTS */;
/*!40101 SET @OLD_COLLATION_CONNECTION=@@COLLATION_CONNECTION */;
/*!40101 SET NAMES utf8 */;
/*!40103 SET @OLD_TIME_ZONE=@@TIME_ZONE */;
/*!40103 SET TIME_ZONE='+00:00' */;
/*!40014 SET @OLD_UNIQUE_CHECKS=@@UNIQUE_CHECKS, UNIQUE_CHECKS=0 */;
/*!40014 SET @OLD_FOREIGN_KEY_CHECKS=@@FOREIGN_KEY_CHECKS, FOREIGN_KEY_CHECKS=0 */;
/*!40101 SET @OLD_SQL_MODE=@@SQL_MODE, SQL_MODE='NO_AUTO_VALUE_ON_ZERO' */;
/*!40111 SET @OLD_SQL_NOTES=@@SQL_NOTES, SQL_NOTES=0 */;

--
-- Table structure for table `account`
--

DROP TABLE IF EXISTS `account`;
/*!40101 SET @saved_cs_client     = @@character_set_client */;
/*!40101 SET character_set_client = utf8 */;
CREATE TABLE `account` (
  `account_id` int(11) NOT NULL,
  `username` varchar(45) DEFAULT NULL,
  `password` varchar(45) DEFAULT NULL,
  `permissions` varchar(45) DEFAULT NULL,
  PRIMARY KEY (`account_id`)
) ENGINE=InnoDB DEFAULT CHARSET=latin1;
/*!40101 SET character_set_client = @saved_cs_client */;

--
-- Dumping data for table `account`
--

LOCK TABLES `account` WRITE;
/*!40000 ALTER TABLE `account` DISABLE KEYS */;
INSERT INTO `account` VALUES (1,'123@123.com','123','1');
/*!40000 ALTER TABLE `account` ENABLE KEYS */;
UNLOCK TABLES;

--
-- Table structure for table `away_lineup`
--

DROP TABLE IF EXISTS `away_lineup`;
/*!40101 SET @saved_cs_client     = @@character_set_client */;
/*!40101 SET character_set_client = utf8 */;
CREATE TABLE `away_lineup` (
  `lineup_id` int(11) NOT NULL,
  `1` varchar(100) DEFAULT NULL,
  `2` varchar(100) DEFAULT NULL,
  `3` varchar(100) DEFAULT NULL,
  `4` varchar(100) DEFAULT NULL,
  `5` varchar(100) DEFAULT NULL,
  `6` varchar(100) DEFAULT NULL,
  `7` varchar(100) DEFAULT NULL,
  `8` varchar(100) DEFAULT NULL,
  `9` varchar(100) DEFAULT NULL,
  `10` varchar(100) DEFAULT NULL,
  `11` varchar(100) DEFAULT NULL,
  `12` varchar(100) DEFAULT NULL,
  `13` varchar(100) DEFAULT NULL,
  `14` varchar(100) DEFAULT NULL,
  `15` varchar(100) DEFAULT NULL,
  `16` varchar(100) DEFAULT NULL,
  `17` varchar(100) DEFAULT NULL,
  `18` varchar(100) DEFAULT NULL,
  `19` varchar(100) DEFAULT NULL,
  PRIMARY KEY (`lineup_id`),
  CONSTRAINT `lineup_id_away_fk` FOREIGN KEY (`lineup_id`) REFERENCES `matches` (`match_id`) ON DELETE NO ACTION ON UPDATE NO ACTION
) ENGINE=InnoDB DEFAULT CHARSET=latin1;
/*!40101 SET character_set_client = @saved_cs_client */;

--
-- Dumping data for table `away_lineup`
--

LOCK TABLES `away_lineup` WRITE;
/*!40000 ALTER TABLE `away_lineup` DISABLE KEYS */;
/*!40000 ALTER TABLE `away_lineup` ENABLE KEYS */;
UNLOCK TABLES;

--
-- Table structure for table `channel`
--

DROP TABLE IF EXISTS `channel`;
/*!40101 SET @saved_cs_client     = @@character_set_client */;
/*!40101 SET character_set_client = utf8 */;
CREATE TABLE `channel` (
  `channel_id` int(11) NOT NULL,
  `name` varchar(100) DEFAULT NULL,
  `code` varchar(1000) DEFAULT NULL,
  PRIMARY KEY (`channel_id`)
) ENGINE=InnoDB DEFAULT CHARSET=latin1;
/*!40101 SET character_set_client = @saved_cs_client */;

--
-- Dumping data for table `channel`
--

LOCK TABLES `channel` WRITE;
/*!40000 ALTER TABLE `channel` DISABLE KEYS */;
INSERT INTO `channel` VALUES (1,'Sky Sports Football','<script type=\'text/javascript\'>id=\'skyfb\'; id_width=640; id_height=490; id_p=2;</script><script type=\'text/javascript\' src=\'http://cdn.crichd.im/channel.js\'></script>\n');
/*!40000 ALTER TABLE `channel` ENABLE KEYS */;
UNLOCK TABLES;

--
-- Table structure for table `clubs`
--

DROP TABLE IF EXISTS `clubs`;
/*!40101 SET @saved_cs_client     = @@character_set_client */;
/*!40101 SET character_set_client = utf8 */;
CREATE TABLE `clubs` (
  `club_id` int(11) NOT NULL AUTO_INCREMENT,
  `league_id` int(11) NOT NULL,
  `name` varchar(100) NOT NULL,
  PRIMARY KEY (`league_id`,`name`),
  UNIQUE KEY `club_id_UNIQUE` (`club_id`),
  KEY `league_id_club_fk_idx` (`league_id`),
  CONSTRAINT `league_id_club_fk` FOREIGN KEY (`league_id`) REFERENCES `leagues` (`league_id`) ON DELETE NO ACTION ON UPDATE NO ACTION
) ENGINE=InnoDB AUTO_INCREMENT=5819 DEFAULT CHARSET=latin1;
/*!40101 SET character_set_client = @saved_cs_client */;

--
-- Dumping data for table `clubs`
--

LOCK TABLES `clubs` WRITE;
/*!40000 ALTER TABLE `clubs` DISABLE KEYS */;
/*!40000 ALTER TABLE `clubs` ENABLE KEYS */;
UNLOCK TABLES;

--
-- Table structure for table `countries`
--

DROP TABLE IF EXISTS `countries`;
/*!40101 SET @saved_cs_client     = @@character_set_client */;
/*!40101 SET character_set_client = utf8 */;
CREATE TABLE `countries` (
  `country_id` int(11) NOT NULL,
  `name` varchar(100) DEFAULT NULL,
  `in_use` int(11) DEFAULT NULL,
  PRIMARY KEY (`country_id`)
) ENGINE=InnoDB DEFAULT CHARSET=latin1;
/*!40101 SET character_set_client = @saved_cs_client */;

--
-- Dumping data for table `countries`
--

LOCK TABLES `countries` WRITE;
/*!40000 ALTER TABLE `countries` DISABLE KEYS */;
INSERT INTO `countries` VALUES (163,'Champions League',NULL),(164,'Europa League',NULL),(169,'England',NULL),(170,'Italy',NULL),(171,'Spain',NULL),(172,'Germany',NULL),(173,'France',NULL),(174,'Netherlands',NULL),(175,'Belgium',NULL),(176,'Portugal',NULL),(177,'Scotland',NULL),(185,'Austria',NULL),(186,'Cyprus',NULL),(187,'Denmark',NULL),(188,'Finland',NULL),(189,'Greece',NULL),(190,'Iceland',NULL),(191,'Ireland',NULL),(192,'Luxembourg',NULL),(193,'Norway',NULL),(194,'Northern Ireland',NULL),(195,'Sweden',NULL),(196,'Switzerland',NULL),(197,'Turkey',NULL),(198,'Wales',NULL),(199,'Belarus',NULL),(200,'Bosnia & Herz.',NULL),(201,'Bulgaria',NULL),(202,'Croatia',NULL),(203,'Czech Republic',NULL),(204,'Estonia',NULL),(205,'Hungary',NULL),(206,'Israel',NULL),(207,'Latvia',NULL),(208,'Lithuania',NULL),(210,'Moldova',NULL),(211,'Montenegro',NULL),(212,'Poland',NULL),(213,'Romania',NULL),(214,'Russia',NULL),(215,'Serbia',NULL),(216,'Slovakia',NULL),(217,'Slovenia',NULL),(218,'Ukraine',NULL);
/*!40000 ALTER TABLE `countries` ENABLE KEYS */;
UNLOCK TABLES;

--
-- Table structure for table `home_lineup`
--

DROP TABLE IF EXISTS `home_lineup`;
/*!40101 SET @saved_cs_client     = @@character_set_client */;
/*!40101 SET character_set_client = utf8 */;
CREATE TABLE `home_lineup` (
  `lineup_id` int(11) NOT NULL,
  `1` varchar(100) DEFAULT NULL,
  `2` varchar(100) DEFAULT NULL,
  `3` varchar(100) DEFAULT NULL,
  `4` varchar(100) DEFAULT NULL,
  `5` varchar(100) DEFAULT NULL,
  `6` varchar(100) DEFAULT NULL,
  `7` varchar(100) DEFAULT NULL,
  `8` varchar(100) DEFAULT NULL,
  `9` varchar(100) DEFAULT NULL,
  `10` varchar(100) DEFAULT NULL,
  `11` varchar(100) DEFAULT NULL,
  `12` varchar(100) DEFAULT NULL,
  `13` varchar(100) DEFAULT NULL,
  `14` varchar(100) DEFAULT NULL,
  `15` varchar(100) DEFAULT NULL,
  `16` varchar(100) DEFAULT NULL,
  `17` varchar(100) DEFAULT NULL,
  `18` varchar(100) DEFAULT NULL,
  `19` varchar(100) DEFAULT NULL,
  PRIMARY KEY (`lineup_id`),
  CONSTRAINT `lineup_id_home_fk` FOREIGN KEY (`lineup_id`) REFERENCES `matches` (`match_id`) ON DELETE NO ACTION ON UPDATE NO ACTION
) ENGINE=InnoDB DEFAULT CHARSET=latin1;
/*!40101 SET character_set_client = @saved_cs_client */;

--
-- Dumping data for table `home_lineup`
--

LOCK TABLES `home_lineup` WRITE;
/*!40000 ALTER TABLE `home_lineup` DISABLE KEYS */;
/*!40000 ALTER TABLE `home_lineup` ENABLE KEYS */;
UNLOCK TABLES;

--
-- Table structure for table `leagues`
--

DROP TABLE IF EXISTS `leagues`;
/*!40101 SET @saved_cs_client     = @@character_set_client */;
/*!40101 SET character_set_client = utf8 */;
CREATE TABLE `leagues` (
  `league_id` int(11) NOT NULL,
  `name` varchar(100) DEFAULT NULL,
  `country_id` int(11) DEFAULT NULL,
  PRIMARY KEY (`league_id`),
  KEY `country_id_fk_idx` (`country_id`),
  CONSTRAINT `country_id_fk` FOREIGN KEY (`country_id`) REFERENCES `countries` (`country_id`) ON DELETE NO ACTION ON UPDATE NO ACTION
) ENGINE=InnoDB DEFAULT CHARSET=latin1;
/*!40101 SET character_set_client = @saved_cs_client */;

--
-- Dumping data for table `leagues`
--

LOCK TABLES `leagues` WRITE;
/*!40000 ALTER TABLE `leagues` DISABLE KEYS */;
INSERT INTO `leagues` VALUES (62,'Premier League',169),(63,'Championship',169),(79,'Serie A',170),(109,'Liga BBVA',171),(117,'Bundesliga',172),(127,'Ligue 1',173),(128,'Ligue 2',173),(137,'Eredivisie',174),(144,'Pro League',175),(150,'Primeira Liga',176),(176,'Premiership',177),(274,'Bundesliga',185),(280,'1st League',186),(284,'Superliga',187),(293,'Veikkausliiga',188),(306,'Super League',189),(325,'Urvalsdeild',190),(329,'Airtricity League',191),(334,'National Division',192),(337,'Tippeligaen',193),(345,'Premiership',194),(350,'Allsvenskan',195),(368,'Super League',196),(376,'Super Lig',197),(395,'Premier League',198),(400,'Premier',199),(403,'Premijer Liga',200),(407,'A PFG',201),(411,'1st League',202),(415,'Synot league',203),(419,'Premium liiga',204),(424,'OTP BANK Liga',205),(437,'Ligat HaAl',206),(441,'Virsliga',207),(444,'A Lyga',208),(447,'National Division',210),(450,'Telekom 1',211),(453,'Ekstraklasa',212),(459,'Liga 1',213),(469,'Premier League',214),(478,'Super Liga',215),(481,'Fortuna League',216),(486,'1st SNL',217),(490,'Premier League',218),(782,'Group A',163),(783,'Group B',163),(784,'Group C',163),(785,'Group D',163),(786,'Group E',163),(787,'Group F',163),(788,'Group G',163),(789,'Group H',163),(790,'Qualification',163),(791,'Group A',164),(792,'Group B',164),(793,'Group C',164),(794,'Group D',164),(795,'Group E',164),(796,'Group F',164),(797,'Group G',164),(798,'Group H',164),(799,'Group I',164),(800,'Group J',164),(801,'Group K',164),(802,'Group L',164),(803,'Qualification',164),(804,'Liga I:: championship',213),(805,'Liga I:: relegation',213),(924,'Eight Finals',163),(925,'1 Round',164),(978,'Eight Finals',164),(994,'Ligat HaAl:: championship',206),(995,'Ligat HaAl:: relegation',206),(996,'Quarter Finals',163),(997,'Quarter Finals',164),(1022,'Premier League Championship',218),(1023,'Premier League Relegation',218),(1068,'Final',163),(1069,'Semi Finals',163),(1085,'Final',164),(1086,'Semi Finals',164);
/*!40000 ALTER TABLE `leagues` ENABLE KEYS */;
UNLOCK TABLES;

--
-- Table structure for table `matches`
--

DROP TABLE IF EXISTS `matches`;
/*!40101 SET @saved_cs_client     = @@character_set_client */;
/*!40101 SET character_set_client = utf8 */;
CREATE TABLE `matches` (
  `match_id` int(11) NOT NULL,
  `country_id` int(11) DEFAULT NULL,
  `league_id` int(11) DEFAULT NULL,
  `date` datetime DEFAULT NULL,
  `status` varchar(45) DEFAULT NULL,
  `home_team_name` varchar(100) DEFAULT NULL,
  `away_team_name` varchar(100) DEFAULT NULL,
  `home_team_score` varchar(15) DEFAULT NULL,
  `away_team_score` varchar(15) DEFAULT NULL,
  `home_team_half_score` varchar(15) DEFAULT NULL,
  `away_team_half_score` varchar(15) DEFAULT NULL,
  `home_team_extra_score` varchar(15) DEFAULT NULL,
  `away_team_extra_score` varchar(15) DEFAULT NULL,
  `home_team_pen_score` varchar(15) DEFAULT NULL,
  `away_team_pen_score` varchar(15) DEFAULT NULL,
  `match_live` varchar(10) DEFAULT NULL,
  `streams_status` int(11) DEFAULT NULL,
  PRIMARY KEY (`match_id`)
) ENGINE=InnoDB DEFAULT CHARSET=latin1;
/*!40101 SET character_set_client = @saved_cs_client */;

--
-- Dumping data for table `matches`
--

LOCK TABLES `matches` WRITE;
/*!40000 ALTER TABLE `matches` DISABLE KEYS */;
INSERT INTO `matches` VALUES (340880,185,274,'2018-10-27 16:00:00','FT','Mattersburg','Altach','1','1','0','0','','','','','0',1),(340881,185,274,'2018-10-27 16:00:00','FT','Hartberg','SK Sturm Graz','2','0','0','0','','','','','0',1),(340882,185,274,'2018-10-27 16:00:00','FT','FC Wacker Innsbruck','Austria Wien','0','0','0','0','','','','','0',1),(340884,185,274,'2018-11-03 17:00:00','','Admira Wacker','Hartberg','','','','','','','','','0',NULL),(340888,185,274,'2018-11-03 17:00:00','','SK Sturm Graz','FC Wacker Innsbruck','','','','','','','','','0',NULL),(340889,185,274,'2018-11-03 17:00:00','','SKN St. Poelten','LASK','','','','','','','','','0',NULL),(341206,199,400,'2018-10-31 17:00:00','','Torpedo Zhodino','Dinamo Minsk','','','','','','','','','0',NULL),(341207,199,400,'2018-10-31 17:30:00','','Shakhtyor Soligorsk','FK Vitebsk','','','','','','','','','0',NULL),(341208,199,400,'2018-10-31 19:45:00','','Dinamo Brest','BATE Borisov','','','','','','','','','0',NULL),(341210,199,400,'2018-11-03 16:00:00','','Dinamo Brest','Isloch','','','','','','','','','0',NULL),(341215,199,400,NULL,'Canc.','FK Slutsk','Krumkachy Minsk','','','','','','','','','0',NULL),(341216,199,400,'2018-11-03 16:00:00','','FK Vitebsk','Dinamo Minsk','','','','','','','','','0',NULL),(341232,175,144,'2018-10-31 20:30:00','','Eupen','Cercle Brugge','','','','','','','','','0',NULL),(341250,175,144,'2018-10-27 17:00:00','FT','Zulte-Waregem','Royal Excel Mouscron','2','2','2','1','','','','','0',1),(341251,175,144,'2018-10-27 19:00:00','FT','Cercle Brugge','Kortrijk','1','1','0','1','','','','','0',1),(341252,175,144,'2018-10-27 19:00:00','FT','Lokeren','Oostende','0','0','0','0','','','','','0',1),(341253,175,144,'2018-10-27 19:30:00','73\'','St.Truiden','Club Brugge','1','2','1','2','','','','','1',1),(341254,175,144,'2018-10-28 14:30:00','','Standard Liege','KRC Genk','','','','','','','','','0',NULL),(341255,175,144,'2018-10-28 18:00:00','','Eupen','RSC Anderlecht','','','','','','','','','0',NULL),(341256,175,144,'2018-10-28 20:00:00','','Waasland-Beveren','Royal Antwerp','','','','','','','','','0',NULL),(341257,175,144,'2018-10-30 20:30:00','','Club Brugge','Oostende','','','','','','','','','0',NULL),(341258,175,144,'2018-10-30 20:30:00','','Sporting Charleroi','St.Truiden','','','','','','','','','0',NULL),(341259,175,144,'2018-10-30 20:30:00','','Royal Excel Mouscron','Gent','','','','','','','','','0',NULL),(341260,175,144,'2018-10-31 20:30:00','','Kortrijk','Waasland-Beveren','','','','','','','','','0',NULL),(341261,175,144,'2018-10-31 20:30:00','','Royal Antwerp','KRC Genk','','','','','','','','','0',NULL),(341262,175,144,'2018-11-01 14:30:00','','RSC Anderlecht','Lokeren','','','','','','','','','0',NULL),(341263,175,144,'2018-11-01 18:00:00','','Zulte-Waregem','Standard Liege','','','','','','','','','0',NULL),(341264,175,144,'2018-11-02 20:30:00','','Oostende','Sporting Charleroi','','','','','','','','','0',NULL),(341265,175,144,'2018-11-03 18:00:00','','KRC Genk','Club Brugge','','','','','','','','','0',NULL),(341266,175,144,'2018-11-03 19:30:00','','Gent','Kortrijk','','','','','','','','','0',NULL),(341267,175,144,'2018-11-03 20:00:00','','Cercle Brugge','Royal Excel Mouscron','','','','','','','','','0',NULL),(341268,175,144,'2018-11-04 14:30:00','','Standard Liege','Royal Antwerp','','','','','','','','','0',NULL),(341269,175,144,'2018-11-04 18:00:00','','Waasland-Beveren','RSC Anderlecht','','','','','','','','','0',NULL),(341270,175,144,'2018-11-04 20:00:00','','Lokeren','Eupen','','','','','','','','','0',NULL),(341271,175,144,'2018-11-04 20:00:00','','St.Truiden','Zulte-Waregem','','','','','','','','','0',NULL),(341451,200,403,'2018-10-27 13:30:00','FT','FK Mladost Doboj Kakanj','FK Krupa','2','1','0','0','','','','','0',1),(341452,200,403,'2018-10-27 13:30:00','FT','FK Radnik Bijeljina','Siroki Brijeg','2','1','1','1','','','','','0',1),(341453,200,403,'2018-10-27 15:30:00','FT','FK Sloboda Tuzla','FK Tuzla City','1','1','1','0','','','','','0',1),(341454,200,403,'2018-10-27 15:00:00','FT','Hsk Zrinjski Mostar','Celik Zenica','3','0','2','0','','','','','0',1),(341456,200,403,'2018-10-28 18:00:00','','FK Zeljeznicar','FK Zvijezda 09','','','','','','','','','0',NULL),(341457,200,403,'2018-11-03 18:00:00','','FK Krupa','FK Sloboda Tuzla','','','','','','','','','0',NULL),(341458,200,403,'2018-11-03 18:00:00','','FK Sarajevo','FK Zeljeznicar','','','','','','','','','0',NULL),(341459,200,403,'2018-11-03 18:00:00','','FK Tuzla City','NK Gosk Gabela','','','','','','','','','0',NULL),(341460,200,403,'2018-11-03 18:00:00','','FK Zvijezda 09','Hsk Zrinjski Mostar','','','','','','','','','0',NULL),(341461,200,403,'2018-11-03 18:00:00','','Celik Zenica','FK Radnik Bijeljina','','','','','','','','','0',NULL),(341462,200,403,'2018-11-04 18:00:00','','Siroki Brijeg','FK Mladost Doboj Kakanj','','','','','','','','','0',NULL),(341768,201,407,'2018-10-27 13:00:00','FT','Beroe','PFC CSKA-Sofia','1','1','1','1','','','','','0',1),(341773,201,407,'2018-10-27 10:30:00','FT','Lokomotiv Plovdiv','Vitosha Bistritsa','2','1','2','0','','','','','0',1),(341777,201,407,'2018-11-03 15:00:00','','Dunav Ruse','Vitosha Bistritsa','','','','','','','','','0',NULL),(341778,201,407,'2018-11-03 15:00:00','','FK Septemvri Sofia','FC Vereya','','','','','','','','','0',NULL),(341780,201,407,'2018-11-03 15:00:00','','Lokomotiv Plovdiv','PFC CSKA-Sofia','','','','','','','','','0',NULL),(341856,163,782,'2018-11-06 18:55:00','','Monaco','Club Brugge','','','','','','','','','0',NULL),(341857,163,782,'2018-11-06 21:00:00','','Atletico Madrid','Borussia Dortmund','','','','','','','','','0',NULL),(341860,163,783,'2018-11-06 21:00:00','','Inter','Barcelona','','','','','','','','','0',NULL),(341861,163,783,'2018-11-06 21:00:00','','Tottenham Hotspur','PSV Eindhoven','','','','','','','','','0',NULL),(341864,163,784,'2018-11-06 18:55:00','','FK Crvena Zvezda','Liverpool','','','','','','','','','0',NULL),(341865,163,784,'2018-11-06 21:00:00','','Napoli','Paris Saint Germain','','','','','','','','','0',NULL),(341868,163,785,'2018-11-06 21:00:00','','Porto','Lokomotiv Moscow','','','','','','','','','0',NULL),(341869,163,785,'2018-11-06 21:00:00','','Schalke 04','Galatasaray','','','','','','','','','0',NULL),(342293,202,411,'2018-10-27 14:00:00','FT','Inter Zapresic','HNK Gorica','1','3','1','2','','','','','0',1),(342294,202,411,'2018-10-27 16:30:00','FT','NK Istra 1961','NK Osijek','1','1','0','1','','','','','0',1),(342300,202,411,'2018-11-03 17:00:00','','NK Lokomotiva','NK Istra 1961','','','','','','','','','0',NULL),(342451,186,280,'2018-10-27 15:00:00','FT','Omonia Nicosia','Pafos FC','2','4','1','0','','','','','0',1),(342452,186,280,'2018-10-27 17:00:00','FT','Alki Oroklini','APOEL Nicosia','2','4','0','1','','','','','0',1),(342453,186,280,'2018-10-28 16:00:00','','AEL Limassol','Enosis Paralimni','','','','','','','','','0',NULL),(342454,186,280,'2018-10-28 18:00:00','','Ermis Aradippou','Nea Salamis','','','','','','','','','0',NULL),(342455,186,280,'2018-10-29 18:00:00','','Anorthosis','AEK Larnaca','','','','','','','','','0',NULL),(342456,186,280,'2018-10-29 18:00:00','','Doxa Katokopia','Apollon Limassol','','','','','','','','','0',NULL),(342458,186,280,'2018-11-03 16:00:00','','Apollon Limassol','Anorthosis','','','','','','','','','0',NULL),(342459,186,280,'2018-11-03 17:00:00','','Enosis Paralimni','Alki Oroklini','','','','','','','','','0',NULL),(342460,186,280,'2018-11-03 18:00:00','','AEK Larnaca','AEL Limassol','','','','','','','','','0',NULL),(342461,186,280,'2018-11-04 16:00:00','','Pafos FC','APOEL Nicosia','','','','','','','','','0',NULL),(342462,186,280,'2018-11-04 17:00:00','','Omonia Nicosia','Ermis Aradippou','','','','','','','','','0',NULL),(342463,186,280,'2018-11-05 18:00:00','','Nea Salamis','Doxa Katokopia','','','','','','','','','0',NULL),(343156,203,415,'2018-10-27 14:00:00','FT','FK Mlada Boleslav','Bohemians Prague 1905','3','0','2','0','','','','','0',1),(343173,203,415,'2018-10-27 16:00:00','FT','Zlin','AC Sparta Prague','1','0','0','0','','','','','0',1),(343177,203,415,'2018-10-27 14:00:00','FT','Karvina','SK Sigma Olomouc','2','3','0','0','','','','','0',1),(343178,203,415,'2018-10-27 14:00:00','FT','Opava','Pribram','5','0','2','0','','','','','0',1),(343180,203,415,'2018-11-03 16:00:00','','Pribram','1 FC Slovacko','','','','','','','','','0',NULL),(343183,203,415,'2018-11-03 16:00:00','','FC Banik Ostrava','FC Viktoria Plzen','','','','','','','','','0',NULL),(343184,203,415,'2018-11-03 16:00:00','','Zlin','Karvina','','','','','','','','','0',NULL),(343186,203,415,'2018-11-03 16:00:00','','FK Dukla Prague','Jablonec','','','','','','','','','0',NULL),(343187,203,415,'2018-11-03 16:00:00','','SK Sigma Olomouc','Opava','','','','','','','','','0',NULL),(343273,187,284,'2018-11-02 20:00:00','','Vendsyssel FF','SonderjyskE','','','','','','','','','0',NULL),(343289,187,284,'2018-10-27 15:00:00','FT','AC Horsens','FC Nordsjaelland','3','3','2','3','','','','','0',1),(343290,187,284,'2018-10-28 12:00:00','','Hobro','Vejle Boldklub','','','','','','','','','0',NULL),(343291,187,284,'2018-10-28 14:00:00','','Randers FC','Esbjerg FB','','','','','','','','','0',NULL),(343292,187,284,'2018-10-28 16:00:00','','FC Koebenhavn','AGF','','','','','','','','','0',NULL),(343293,187,284,'2018-10-28 18:00:00','','AaB','Vendsyssel FF','','','','','','','','','0',NULL),(343295,187,284,'2018-11-02 18:00:00','','OB','Hobro','','','','','','','','','0',NULL),(343297,187,284,'2018-11-04 14:30:00','','FC Nordsjaelland','AaB','','','','','','','','','0',NULL),(343298,187,284,'2018-11-04 16:30:00','','AGF','Randers FC','','','','','','','','','0',NULL),(343299,187,284,'2018-11-04 18:30:00','','Esbjerg FB','FC Midtjylland','','','','','','','','','0',NULL),(343300,187,284,'2018-11-05 19:00:00','','Vejle Boldklub','AC Horsens','','','','','','','','','0',NULL),(343751,169,62,'2018-10-29 21:00:00','','Tottenham Hotspur','Manchester City','','','','','','','','','0',NULL),(343772,169,62,'2018-10-27 15:00:00','FT','Brighton &amp; Hove Albion','Wolverhampton Wanderers','1','0','0','0','','','','','0',1),(343773,169,62,'2018-10-27 15:00:00','FT','Fulham','AFC Bournemouth','0','3','0','1','','','','','0',1),(343774,169,62,'2018-10-27 15:00:00','FT','Liverpool','Cardiff City','4','1','1','0','','','','','0',1),(343775,169,62,'2018-10-27 15:00:00','FT','Southampton','Newcastle United','0','0','0','0','','','','','0',1),(343776,169,62,'2018-10-27 15:00:00','FT','Watford','Huddersfield Town','3','0','2','0','','','','','0',1),(343777,169,62,'2018-10-27 17:30:00','FT','Leicester City','West Ham United','1','1','0','1','','','','','0',1),(343778,169,62,'2018-10-28 14:30:00','','Burnley','Chelsea','','','','','','','','','0',NULL),(343779,169,62,'2018-10-28 14:30:00','','Crystal Palace','Arsenal','','','','','','','','','0',NULL),(343780,169,62,'2018-10-28 17:00:00','','Manchester United','Everton','','','','','','','','','0',NULL),(343781,169,62,'2018-11-03 13:30:00','','AFC Bournemouth','Manchester United','','','','','','','','','0',NULL),(343782,169,62,'2018-11-03 16:00:00','','Cardiff City','Leicester City','','','','','','','','','0',NULL),(343783,169,62,'2018-11-03 16:00:00','','Everton','Brighton &amp; Hove Albion','','','','','','','','','0',NULL),(343785,169,62,'2018-11-03 16:00:00','','Newcastle United','Watford','','','','','','','','','0',NULL),(343786,169,62,'2018-11-03 16:00:00','','West Ham United','Burnley','','','','','','','','','0',NULL),(343787,169,62,'2018-11-03 18:30:00','','Arsenal','Liverpool','','','','','','','','','0',NULL),(343788,169,62,'2018-11-03 20:45:00','','Wolverhampton Wanderers','Tottenham Hotspur','','','','','','','','','0',NULL),(343789,169,62,'2018-11-04 17:00:00','','Chelsea FC','Crystal Palace','','','','','','','','','0',NULL),(343790,169,62,'2018-11-05 21:00:00','','Huddersfield Town','Fulham','','','','','','','','','0',NULL),(343839,169,63,'2018-10-27 12:30:00','FT','Middlesbrough','Derby County','1','1','0','1','','','','','0',1),(343840,169,63,'2018-10-27 15:00:00','FT','Birmingham City','Sheffield Wednesday','3','1','1','1','','','','','0',1),(343841,169,63,'2018-10-27 15:00:00','FT','Bolton Wanderers','Hull City','0','1','0','1','','','','','0',1),(343842,169,63,'2018-10-27 15:00:00','FT','Bristol City','Stoke City','0','1','0','1','','','','','0',1),(343843,169,63,'2018-10-27 15:05:00','FT','Millwall','Ipswich Town','3','0','1','0','','','','','0',1),(343844,169,63,'2018-10-27 15:00:00','FT','Norwich City','Brentford','1','0','1','0','','','','','0',1),(343845,169,63,'2018-10-27 15:05:00','FT','Preston North End','Rotherham United','1','1','1','0','','','','','0',1),(343846,169,63,'2018-10-27 15:00:00','FT','Sheffield United','Wigan Athletic','4','2','2','1','','','','','0',1),(343847,169,63,'2018-10-27 15:00:00','FT','Swansea City','Reading','2','0','1','0','','','','','0',1),(343848,169,63,'2018-10-27 15:00:00','FT','West Bromwich Albion','Blackburn Rovers','1','1','1','0','','','','','0',1),(343849,169,63,'2018-10-27 17:30:00','FT','Leeds United','Nottingham Forest','1','1','0','1','','','','','0',1),(343850,169,63,'2018-11-02 20:45:00','','Aston Villa','Bolton Wanderers','','','','','','','','','0',NULL),(343851,169,63,'2018-11-03 16:00:00','','Blackburn Rovers','Queens Park Rangers','','','','','','','','','0',NULL),(343852,169,63,'2018-11-03 16:00:00','','Brentford','Millwall','','','','','','','','','0',NULL),(343853,169,63,'2018-11-03 16:00:00','','Derby County','Birmingham City','','','','','','','','','0',NULL),(343854,169,63,'2018-11-03 16:00:00','','Hull City','West Bromwich Albion','','','','','','','','','0',NULL),(343855,169,63,'2018-11-03 16:00:00','','Ipswich Town','Preston North End','','','','','','','','','0',NULL),(343856,169,63,'2018-11-03 16:00:00','','Nottingham Forest','Sheffield United','','','','','','','','','0',NULL),(343857,169,63,'2018-11-03 16:00:00','','Reading','Bristol City','','','','','','','','','0',NULL),(343858,169,63,'2018-11-03 16:00:00','','Rotherham United','Swansea City','','','','','','','','','0',NULL),(343859,169,63,'2018-11-03 16:00:00','','Sheffield Wednesday','Norwich City','','','','','','','','','0',NULL),(343860,169,63,'2018-11-03 18:30:00','','Stoke City','Middlesbrough','','','','','','','','','0',NULL),(343861,169,63,'2018-11-04 14:30:00','','Wigan Athletic','Leeds United','','','','','','','','','0',NULL),(344751,204,419,'2018-10-27 11:00:00','FT','Flora Tallinn','FC Kuressaare','4','0','1','0','','','','','0',1),(344752,204,419,'2018-10-27 11:00:00','FT','Talinna Kalev','Paernu Linnameeskond','5','0','3','0','','','','','0',1),(344753,204,419,'2018-10-27 14:00:00','','Tulevik Viljandi','Trans Narva','?','?','','','','','','','0',1),(344754,204,419,'2018-10-28 14:00:00','','Tammeka','FCI Levadia','','','','','','','','','0',NULL),(344755,204,419,'2018-11-02 18:30:00','','Paernu Linnameeskond','Nomme JK Kalju','','','','','','','','','0',NULL),(344756,204,419,'2018-11-03 12:00:00','','Tammeka','FC Kuressaare','','','','','','','','','0',NULL),(344757,204,419,'2018-11-03 12:00:00','','Tulevik Viljandi','Flora Tallinn','','','','','','','','','0',NULL),(344758,204,419,'2018-11-03 15:00:00','','Trans Narva','FCI Levadia','','','','','','','','','0',NULL),(344759,204,419,'2018-11-04 14:00:00','','Paide Linnameeskond','Talinna Kalev','','','','','','','','','0',NULL),(344924,188,293,'2018-10-27 13:00:00','FT','TPS','HJK','0','4','0','2','','','','','0',1),(344937,188,293,'2018-10-27 13:00:00','FT','FC Lahti','PS Kemi','1','2','0','0','','','','','0',1),(344938,188,293,'2018-10-27 13:00:00','FT','Honka','VPS','3','1','2','0','','','','','0',1),(344939,188,293,'2018-10-27 13:00:00','FT','IFK Mariehamn','KuPS','1','2','1','1','','','','','0',1),(344940,188,293,'2018-10-27 13:00:00','FT','RoPS','Ilves','1','0','1','0','','','','','0',1),(344941,188,293,'2018-10-27 13:00:00','FT','SJK','FC Inter','2','2','2','0','','','','','0',1),(345013,173,127,'2018-10-27 19:00:00','FT','Monaco','Dijon','2','2','1','1','','','','','0',1),(345014,173,127,'2018-10-27 19:00:00','FT','Guingamp','Strasbourg','1','1','1','0','','','','','0',1),(345016,173,127,'2018-10-27 19:00:00','FT','Lille','Caen','1','0','0','0','','','','','0',1),(345017,173,127,'2018-10-27 19:00:00','','Nimes','AS Saint Etienne','','','','','','','','','0',NULL),(345018,173,127,'2018-10-27 19:00:00','FT','Amiens','Nantes','1','2','0','1','','','','','0',NULL),(345019,173,127,'2018-10-27 16:00:00','FT','Angers','Lyon','1','2','0','0','','','','','0',NULL),(345020,173,127,'2018-10-27 19:00:00','','Rennes','Stade Reims','','','','','','','','','0',NULL),(345021,173,127,'2018-10-27 19:00:00','FT','Toulouse FC','Montpellier','0','3','0','2','','','','','0',NULL),(345022,173,127,'2018-10-28 21:00:00','','Marseille','Paris Saint Germain','','','','','','','','','0',NULL),(345023,173,127,'2018-11-03 20:00:00','','AS Saint Etienne','Angers','','','','','','','','','0',NULL),(345024,173,127,'2018-11-03 20:00:00','','Dijon','Nimes','','','','','','','','','0',NULL),(345025,173,127,'2018-11-03 20:00:00','','FC Nantes','Guingamp','','','','','','','','','0',NULL),(345026,173,127,'2018-11-03 20:00:00','','Montpellier HSC','Olympique Marseille','','','','','','','','','0',NULL),(345027,173,127,'2018-11-03 20:00:00','','Nice','Amiens','','','','','','','','','0',NULL),(345028,173,127,'2018-11-03 20:00:00','','Olympique Lyon','Bordeaux','','','','','','','','','0',NULL),(345029,173,127,'2018-11-03 20:00:00','','Paris Saint Germain','Lille OSC','','','','','','','','','0',NULL),(345030,173,127,'2018-11-03 20:00:00','','Strasbourg','Toulouse FC','','','','','','','','','0',NULL),(345031,173,127,'2018-11-03 20:00:00','','Caen','Rennes','','','','','','','','','0',NULL),(345032,173,127,'2018-11-03 20:00:00','','Stade Reims','Monaco','','','','','','','','','0',NULL),(345075,173,128,'2018-11-02 20:00:00','','Nancy','Clermont Foot','','','','','','','','','0',NULL),(345078,173,128,'2018-11-02 20:00:00','','Paris FC','Sochaux','','','','','','','','','0',NULL),(345080,173,128,'2018-11-02 20:00:00','','Brest','Red Star','','','','','','','','','0',NULL),(345552,172,117,'2018-10-27 14:30:00','FT','Mainz 05','FC Bayern München','1','2','0','1','','','','','0',NULL),(345553,172,117,'2018-10-27 14:30:00','FT','Borussia Dortmund','Hertha Berlin','2','2','1','1','','','','','0',NULL),(345554,172,117,'2018-10-27 14:30:00','FT','Fortuna Düsseldorf','Wolfsburg','0','3','0','1','','','','','0',NULL),(345555,172,117,'2018-10-27 14:30:00','FT','Hannover 96','Augsburg','1','2','0','1','','','','','0',NULL),(345556,172,117,'2018-10-27 17:30:00','FT','Hoffenheim','VfB Stuttgart','4','0','0','0','','','','','0',NULL),(345557,172,117,'2018-10-28 13:30:00','','Nuernberg','Eintracht Frankfurt','','','','','','','','','0',NULL),(345558,172,117,'2018-10-28 15:30:00','','RasenBallsport Leipzig','Schalke 04','','','','','','','','','0',NULL),(345559,172,117,'2018-10-28 18:00:00','','Werder Bremen','Bayer Leverkusen','','','','','','','','','0',NULL),(345560,172,117,'2018-11-02 20:30:00','','VfB Stuttgart','Eintracht Frankfurt','','','','','','','','','0',NULL),(345561,172,117,'2018-11-03 15:30:00','','Bayer Leverkusen','Hoffenheim','','','','','','','','','0',NULL),(345562,172,117,'2018-11-03 15:30:00','','Bayern Munich','Freiburg','','','','','','','','','0',NULL),(345563,172,117,'2018-11-03 15:30:00','','Augsburg','Nuernberg','','','','','','','','','0',NULL),(345564,172,117,'2018-11-03 15:30:00','','FC Schalke 04','Hannover 96','','','','','','','','','0',NULL),(345565,172,117,'2018-11-03 15:30:00','','Wolfsburg','Borussia Dortmund','','','','','','','','','0',NULL),(345566,172,117,'2018-11-03 18:30:00','','Hertha Berlin','RasenBallsport Leipzig','','','','','','','','','0',NULL),(345568,172,117,'2018-11-04 18:00:00','','Mainz 05','Werder Bremen','','','','','','','','','0',NULL),(345905,189,306,'2018-10-28 19:00:00','','PAOK FC','Panathinaikos Athens','','','','','','','','','0',NULL),(345906,189,306,'2018-10-28 18:00:00','','Panetolikos','Asteras Tripolis','','','','','','','','','0',NULL),(345907,189,306,'2018-10-28 16:15:00','','Panionios','Atromitos','','','','','','','','','0',NULL),(345908,189,306,'2018-11-04 19:00:00','','Aris Thessaloniki FC','Olympiacos','','','','','','','','','0',NULL),(345912,189,306,'2018-11-04 19:00:00','','OFI Crete FC','GS Apollon Smyrnis','','','','','','','','','0',NULL),(345913,189,306,'2018-11-04 19:00:00','','PAS Giannina FC','Lamia','','','','','','','','','0',NULL),(346129,205,424,'2018-10-27 16:00:00','FT','Debrecen','Puskas FC Academy','2','1','1','0','','','','','0',NULL),(346130,205,424,'2018-10-27 16:00:00','FT','Diosgyori VTK','Ferencvaros','1','4','0','3','','','','','0',NULL),(346132,205,424,'2018-10-27 13:30:00','FT','MTK Budapest','Ujpest','1','0','1','0','','','','','0',NULL),(346133,205,424,'2018-10-27 16:00:00','FT','Paksi FC','Mezokovesd SE','2','1','1','0','','','','','0',NULL),(346134,205,424,'2018-10-27 16:00:00','FT','Haladas','Budapest Honved','0','1','0','0','','','','','0',NULL),(346135,205,424,'2018-11-03 17:00:00','','Ferencvaros','MTK Budapest','','','','','','','','','0',NULL),(346136,205,424,'2018-11-03 17:00:00','','Kisvarda FC','Budapest Honved','','','','','','','','','0',NULL),(346137,205,424,'2018-11-03 17:00:00','','Mezokovesd SE','Debrecen','','','','','','','','','0',NULL),(346138,205,424,'2018-11-03 17:00:00','','Paksi FC','Vidi FC','','','','','','','','','0',NULL),(346139,205,424,'2018-11-03 17:00:00','','Puskas FC Academy','Diosgyori VTK','','','','','','','','','0',NULL),(346140,205,424,'2018-11-03 17:00:00','','Ujpest','Haladas','','','','','','','','','0',NULL),(346385,206,437,'2018-10-27 16:00:00','FT','Bnei Sakhnin','Hapoel Ironi Kiryat Shmona','0','3','0','1','','','','','0',NULL),(346386,206,437,'2018-10-27 16:00:00','FT','Hapoel Raanana AFC','Maccabi Petach Tikva','1','0','0','0','','','','','0',NULL),(346387,206,437,'2018-10-27 17:15:00','FT','Maccabi Netanya FC','Hapoel Beer Sheva FC','1','0','0','0','','','','','0',NULL),(346388,206,437,'2018-10-27 18:30:00','FT','Beitar Jerusalem FC','Bnei Yehuda Tel Aviv FC','1','5','0','2','','','','','0',NULL),(346389,206,437,'2018-10-28 17:00:00','','Hapoel Hadera','FC Ashdod','','','','','','','','','0',NULL),(346390,206,437,'2018-10-28 18:30:00','','Hapoel Haifa FC','Maccabi Tel Aviv FC','','','','','','','','','0',NULL),(346391,206,437,'2018-10-29 20:00:00','','Hapoel Tel Aviv FC','Maccabi Haifa FC','','','','','','','','','0',NULL),(346392,206,437,'2018-11-03 14:00:00','','Hapoel Raanana FC','Maccabi Netanya FC','','','','','','','','','0',NULL),(346393,206,437,'2018-11-03 16:00:00','','Maccabi Petach Tikva','Hapoel Ironi Kiryat Shmona','','','','','','','','','0',NULL),(346394,206,437,'2018-11-03 16:10:00','','FC Ashdod','Hapoel Haifa FC','','','','','','','','','0',NULL),(346395,206,437,'2018-11-03 18:30:00','','Maccabi Tel Aviv FC','Bnei Sakhnin','','','','','','','','','0',NULL),(346396,206,437,'2018-11-04 17:00:00','','Bnei Yehuda Tel Aviv FC','Hapoel Hadera','','','','','','','','','0',NULL),(346397,206,437,'2018-11-04 18:30:00','','Hapoel Beer Sheva FC','Hapoel Tel Aviv FC','','','','','','','','','0',NULL),(346398,206,437,'2018-11-05 19:00:00','','Maccabi Haifa FC','Beitar Jerusalem FC','','','','','','','','','0',NULL),(346904,170,79,'2018-10-28 20:30:00','','Napoli','Roma','','','','','','','','','0',NULL),(346925,170,79,'2018-10-27 14:00:00','FT','Atalanta','Parma','3','0','0','0','','','','','0',NULL),(346926,170,79,'2018-10-27 17:00:00','FT','Empoli','Juventus','1','2','1','0','','','','','0',NULL),(346927,170,79,'2018-10-27 19:30:00','70\'','Torino','Fiorentina','1','1','1','1','','','','','1',NULL),(346928,170,79,'2018-10-28 12:30:00','','Sassuolo','Bologna','','','','','','','','','0',NULL),(346929,170,79,'2018-10-28 15:00:00','','Cagliari','Chievo','','','','','','','','','0',NULL),(346930,170,79,'2018-10-28 15:00:00','','Genoa','Udinese','','','','','','','','','0',NULL),(346931,170,79,'2018-10-28 15:00:00','','SPAL','Frosinone','','','','','','','','','0',NULL),(346932,170,79,'2018-10-28 18:00:00','','Milan','Sampdoria','','','','','','','','','0',NULL),(346933,170,79,'2018-10-29 20:30:00','','Lazio','Inter','','','','','','','','','0',NULL),(346934,170,79,'2018-10-31 20:30:00','','Milan','Genoa','','','','','','','','','0',NULL),(346935,170,79,'2018-11-02 20:30:00','','Napoli','Empoli','','','','','','','','','0',NULL),(346936,170,79,'2018-11-03 15:00:00','','Inter','Genoa','','','','','','','','','0',NULL),(346937,170,79,'2018-11-03 18:00:00','','Fiorentina','Roma','','','','','','','','','0',NULL),(346938,170,79,'2018-11-03 20:30:00','','Juventus Turin','Cagliari','','','','','','','','','0',NULL),(346939,170,79,'2018-11-04 12:30:00','','Lazio','SPAL','','','','','','','','','0',NULL),(346940,170,79,'2018-11-04 15:00:00','','Chievo','US Sassuolo','','','','','','','','','0',NULL),(346941,170,79,'2018-11-04 15:00:00','','Parma','Frosinone','','','','','','','','','0',NULL),(346942,170,79,'2018-11-04 15:00:00','','Sampdoria','Torino','','','','','','','','','0',NULL),(346943,170,79,'2018-11-04 18:00:00','','Bologna','Atalanta','','','','','','','','','0',NULL),(346944,170,79,'2018-11-04 20:30:00','','Udinese','Milan','','','','','','','','','0',NULL),(347982,207,441,'2018-10-28 12:00:00','','FK Jelgava','FK Liepaja','','','','','','','','','0',NULL),(347983,207,441,'2018-10-28 12:00:00','','FK Spartaks','RFS','','','','','','','','','0',NULL),(347984,207,441,'2018-10-28 17:00:00','','Riga FC','Ventspils','','','','','','','','','0',NULL),(347985,207,441,'2018-10-28 14:00:00','','Valmieras FK','FS Metta/LU','','','','','','','','','0',NULL),(347986,207,441,'2018-11-04 13:00:00','','FK Liepaja','FK Spartaks','','','','','','','','','0',NULL),(347987,207,441,'2018-11-04 13:00:00','','FS Metta/LU','FK Jelgava','','','','','','','','','0',NULL),(347988,207,441,'2018-11-04 13:00:00','','RFS','Ventspils','','','','','','','','','0',NULL),(347989,207,441,'2018-11-04 13:00:00','','Valmieras FK','Riga FC','','','','','','','','','0',NULL),(348063,192,334,'2018-10-31 19:30:00','','F91 Dudelange','AS Jeunesse Esch','','','','','','','','','0',NULL),(348064,192,334,'2018-11-04 16:00:00','','AS Jeunesse Esch','RM Hamm Benfica','','','','','','','','','0',NULL),(348065,192,334,'2018-11-04 16:00:00','','FC Etzella Ettelbruck','US Mondorf les Bains','','','','','','','','','0',NULL),(348066,192,334,'2018-11-04 16:00:00','','FC Progres Niedercorn','Una Strassen','','','','','','','','','0',NULL),(348067,192,334,'2018-11-04 16:00:00','','FC Victoria Rosport','CS Fola Esch','','','','','','','','','0',NULL),(348068,192,334,'2018-11-04 16:00:00','','Racing FC Union Luxembourg','Union Titus Petange','','','','','','','','','0',NULL),(348069,192,334,'2018-11-04 16:00:00','','US Hostert','FC Differdange 03','','','','','','','','','0',NULL),(348070,192,334,'2018-11-04 16:00:00','','US Rumelange','F91 Dudelange','','','','','','','','','0',NULL),(348486,210,447,'2018-10-27 13:00:00','FT','Speranta','Zimbru','1','3','0','2','','','','','0',NULL),(348495,210,447,'2018-10-27 13:00:00','FT','Dinamo-Auto','FC Sheriff','0','1','0','1','','','','','0',NULL),(348496,210,447,'2018-10-27 13:00:00','FT','FC Sfintul Gheorghe','FC Milsami Orhei','0','2','0','0','','','','','0',NULL),(348497,210,447,'2018-10-27 13:00:00','FT','FC Zaria','CS Petrocub','1','2','0','1','','','','','0',NULL),(348498,210,447,'2018-11-04 14:00:00','','CS Petrocub','Speranta','','','','','','','','','0',NULL),(348499,210,447,'2018-11-04 14:00:00','','FC Milsami Orhei','FC Zaria','','','','','','','','','0',NULL),(348500,210,447,'2018-11-04 14:00:00','','FC Sheriff','FC Sfintul Gheorghe','','','','','','','','','0',NULL),(348501,210,447,'2018-11-04 14:00:00','','Zimbru','Dinamo-Auto','','','','','','','','','0',NULL),(348516,211,450,'2018-10-27 12:30:00','FT','FK Lovcen','Buducnost Podgorica','0','0','0','0','','','','','0',NULL),(348517,211,450,'2018-10-27 12:30:00','FT','Grbalj Radanovici','FK Iskra','0','0','','','','','','','0',NULL),(348518,211,450,'2018-10-27 12:30:00','FT','Mornar','Petrovac','0','1','0','0','','','','','0',NULL),(348519,211,450,'2018-10-27 12:30:00','FT','Sutjeska','Rudar Pljevlja','2','0','0','0','','','','','0',NULL),(348520,211,450,'2018-10-27 12:00:00','FT','Zeta','OFK Titograd','1','0','1','0','','','','','0',NULL),(348521,211,450,'2018-11-03 13:30:00','','Buducnost Podgorica','Zeta','','','','','','','','','0',NULL),(348522,211,450,'2018-11-03 13:30:00','','FK Iskra','Sutjeska','','','','','','','','','0',NULL),(348523,211,450,'2018-11-03 13:30:00','','OFK Titograd','Grbalj Radanovici','','','','','','','','','0',NULL),(348524,211,450,'2018-11-03 13:30:00','','Petrovac','FK Lovcen','','','','','','','','','0',NULL),(348525,211,450,'2018-11-03 13:30:00','','Rudar Pljevlja','Mornar','','','','','','','','','0',NULL),(348740,174,137,'2018-10-27 17:30:00','FT','ADO Den Haag','NAC Breda','1','1','1','1','','','','','0',NULL),(348741,174,137,'2018-10-27 19:45:00','63\'','PEC Zwolle','Heracles','0','1','0','1','','','','','1',NULL),(348742,174,137,'2018-10-27 18:45:00','FT','De Graafschap','Excelsior','4','1','1','1','','','','','0',NULL),(348743,174,137,'2018-10-27 18:45:00','FT','FC Groningen','PSV Eindhoven','1','2','1','1','','','','','0',NULL),(348744,174,137,'2018-10-28 12:15:00','','Vitesse','Fortuna Sittard','','','','','','','','','0',NULL),(348745,174,137,'2018-10-28 14:30:00','','Ajax','Feyenoord','','','','','','','','','0',NULL),(348746,174,137,'2018-10-28 14:30:00','','Willem II','FC Utrecht','','','','','','','','','0',NULL),(348747,174,137,'2018-10-28 16:45:00','','AZ Alkmaar','SC Heerenveen','','','','','','','','','0',NULL),(348748,174,137,'2018-11-02 20:00:00','','Excelsior','FC Groningen','','','','','','','','','0',NULL),(348749,174,137,'2018-11-03 18:30:00','','Ajax Amsterdam','Willem II','','','','','','','','','0',NULL),(348750,174,137,'2018-11-03 18:30:00','','NAC Breda','Heracles','','','','','','','','','0',NULL),(348751,174,137,'2018-11-03 20:45:00','','AZ Alkmaar','De Graafschap','','','','','','','','','0',NULL),(348752,174,137,'2018-11-03 20:45:00','','PSV Eindhoven','Vitesse','','','','','','','','','0',NULL),(348753,174,137,'2018-11-04 12:15:00','','SC Heerenveen','FC Emmen','','','','','','','','','0',NULL),(348754,174,137,'2018-11-04 14:30:00','','FC Utrecht','ADO Den Haag','','','','','','','','','0',NULL),(348755,174,137,'2018-11-04 14:30:00','','Fortuna Sittard','PEC Zwolle','','','','','','','','','0',NULL),(348756,174,137,'2018-11-04 16:45:00','','Feyenoord','VVV-Venlo','','','','','','','','','0',NULL),(348852,194,345,'2018-10-27 15:00:00','FT','Ballymena United','Crusaders','3','0','1','0','','','','','0',NULL),(348853,194,345,'2018-10-27 15:00:00','FT','Coleraine','Cliftonville','1','2','1','2','','','','','0',NULL),(348854,194,345,'2018-10-27 15:00:00','FT','Dungannon Swifts','Linfield','1','2','1','0','','','','','0',NULL),(348855,194,345,'2018-10-27 17:00:00','FT','Glenavon','Newry City AFC','2','0','0','0','','','','','0',NULL),(348856,194,345,'2018-10-27 15:00:00','FT','Glentoran','Ards','4','0','2','0','','','','','0',NULL),(348857,194,345,'2018-10-27 15:00:00','FT','Warrenpoint Town','Institute','0','1','0','0','','','','','0',NULL),(348859,194,345,'2018-11-02 20:45:00','','Newry City AFC','Crusaders','','','','','','','','','0',NULL),(348860,194,345,'2018-11-03 16:00:00','','Ards','Dungannon Swifts','','','','','','','','','0',NULL),(348862,194,345,'2018-11-03 16:00:00','','Cliftonville','Glentoran','','','','','','','','','0',NULL),(348863,194,345,'2018-11-03 16:00:00','','Institute','Coleraine','','','','','','','','','0',NULL),(348864,194,345,'2018-11-03 16:00:00','','Linfield','Warrenpoint Town','','','','','','','','','0',NULL),(348947,193,337,'2018-10-27 17:00:00','FT','Stroemsgodset','Vaalerenga','2','0','0','0','','','','','0',NULL),(348948,193,337,'2018-10-28 18:00:00','','Bodoe/Glimt','Stabaek','','','','','','','','','0',NULL),(348949,193,337,'2018-10-28 18:00:00','','Kristiansund BK','Sandefjord','','','','','','','','','0',NULL),(348950,193,337,'2018-10-28 18:00:00','','Odds Ballklubb','Tromsoe','','','','','','','','','0',NULL),(348951,193,337,'2018-10-28 18:00:00','','Ranheim','Lillestroem','','','','','','','','','0',NULL),(348952,193,337,'2018-10-28 18:00:00','','Sarpsborg 08','FK Haugesund','','','','','','','','','0',NULL),(348953,193,337,'2018-10-28 20:00:00','','Brann','Rosenborg','','','','','','','','','0',NULL),(348954,193,337,'2018-10-29 19:00:00','','Start','Molde','','','','','','','','','0',NULL),(348955,193,337,'2018-11-03 18:00:00','','Stabaek','Kristiansund BK','','','','','','','','','0',NULL),(348956,193,337,'2018-11-04 18:00:00','','FK Haugesund','Ranheim','','','','','','','','','0',NULL),(348957,193,337,'2018-11-04 18:00:00','','Rosenborg','Odds Ballklubb','','','','','','','','','0',NULL),(348958,193,337,'2018-11-04 18:00:00','','Sandefjord','Start','','','','','','','','','0',NULL),(348959,193,337,'2018-11-04 18:00:00','','Tromsoe','Molde','','','','','','','','','0',NULL),(348960,193,337,'2018-11-04 18:00:00','','Vaalerenga','Sarpsborg 08','','','','','','','','','0',NULL),(348961,193,337,'2018-11-04 20:00:00','','Brann','Stroemsgodset','','','','','','','','','0',NULL),(348962,193,337,'2018-11-05 19:00:00','','Lillestroem','Bodoe/Glimt','','','','','','','','','0',NULL),(349215,212,453,'2018-10-27 17:00:00','FT','KS Lechia Gdansk','Arka Gdynia 1929','2','1','1','1','','','','','0',NULL),(349236,212,453,'2018-10-27 19:30:00','72\'','Pogon Szczecin','Lech Poznan','3','0','2','0','','','','','1',NULL),(349238,212,453,'2018-10-27 14:30:00','FT','Wisla Plock SA','Piast Gliwice','1','1','0','0','','','','','0',NULL),(349243,212,453,'2018-11-03 18:00:00','','Cracovia','ASPN Miedz Legnica','','','','','','','','','0',NULL),(349244,212,453,'2018-11-03 18:00:00','','Legia Warsaw','Gornik Zabrze','','','','','','','','','0',NULL),(349245,212,453,'2018-11-03 18:00:00','','WKS Slask Wroclaw','Wisla Plock SA','','','','','','','','','0',NULL),(349328,176,150,'2018-10-28 17:00:00','','CD Tondela','Vitoria Setubal','','','','','','','','','0',NULL),(349329,176,150,'2018-10-28 17:00:00','','CD das Aves','CD Santa Clara','','','','','','','','','0',NULL),(349331,176,150,'2018-10-28 17:00:00','','Porto','CD Feirense','','','','','','','','','0',NULL),(349332,176,150,'2018-10-28 16:00:00','','Moreirense','Maritimo','','','','','','','','','0',NULL),(349333,176,150,'2018-10-28 17:00:00','','Rio Ave FC','GD Chaves','','','','','','','','','0',NULL),(349334,176,150,'2018-10-28 21:00:00','','Sporting CP','Boavista','','','','','','','','','0',NULL),(349335,176,150,'2018-10-28 17:00:00','','Vitoria Guimaraes','Sporting Braga','','','','','','','','','0',NULL),(349336,176,150,'2018-11-04 17:00:00','','Benfica','Moreirense FC','','','','','','','','','0',NULL),(349337,176,150,'2018-11-04 17:00:00','','Boavista FC','Vitoria Guimaraes','','','','','','','','','0',NULL),(349338,176,150,'2018-11-04 17:00:00','','CD Feirense','CD Tondela','','','','','','','','','0',NULL),(349339,176,150,'2018-11-04 17:00:00','','CD Santa Clara','Sporting CP','','','','','','','','','0',NULL),(349340,176,150,'2018-11-04 17:00:00','','CS Maritimo Madeira','Porto','','','','','','','','','0',NULL),(349341,176,150,'2018-11-04 17:00:00','','GD Chaves','CD das Aves','','','','','','','','','0',NULL),(349342,176,150,'2018-11-04 17:00:00','','Portimonense SC','CF Os Belenenses','','','','','','','','','0',NULL),(349343,176,150,'2018-11-04 17:00:00','','Rio Ave FC','CD Nacional','','','','','','','','','0',NULL),(349344,176,150,'2018-11-04 17:00:00','','Sporting Braga','Vitoria Setubal','','','','','','','','','0',NULL),(349761,213,459,'2018-10-27 16:00:00','FT','FC Botosani','FC Viitorul Constanta','1','2','0','0','','','','','0',NULL),(349762,213,459,'2018-10-27 19:00:00','FT','FC FCSB','FC Voluntari','2','1','0','0','','','','','0',NULL),(349764,213,459,'2018-11-03 17:00:00','','Sepsi OSK','AFC Hermannstadt','','','','','','','','','0',NULL),(349767,213,459,'2018-11-03 17:00:00','','FC Botosani','CFR Cluj','','','','','','','','','0',NULL),(349875,214,469,'2018-11-04 14:30:00','','FC Krasnodar','FC Rostov','','','','','','','','','0',NULL),(349892,214,469,'2018-10-27 12:00:00','FT','Ural','FC Ufa','1','1','0','1','','','','','0',NULL),(349893,214,469,'2018-10-27 14:30:00','FT','FC Arsenal Tula','FC Orenburg','2','2','1','0','','','','','0',NULL),(349894,214,469,'2018-10-27 17:00:00','FT','FC Rostov','FC Anzhi Makhachkala','1','0','1','0','','','','','0',NULL),(349895,214,469,'2018-10-28 12:00:00','','FK Yenisey Krasnoyarsk','FC Lokomotiv Moscow','','','','','','','','','0',NULL),(349896,214,469,'2018-10-28 14:30:00','','Republican FC Akhmat Grozny','FC Dinamo Moscow','','','','','','','','','0',NULL),(349897,214,469,'2018-10-28 17:00:00','','CSKA Moscow','FC Krasnodar','','','','','','','','','0',NULL),(349898,214,469,'2018-10-29 16:00:00','','Krylya Sovetov Samara','Zenit St. Petersburg','','','','','','','','','0',NULL),(349899,214,469,'2018-10-29 18:30:00','','FC Rubin Kazan','FC Spartak Moscow','','','','','','','','','0',NULL),(349900,214,469,'2018-11-03 12:00:00','','FC Lokomotiv Moscow','FC Arsenal Tula','','','','','','','','','0',NULL),(349901,214,469,'2018-11-03 14:30:00','','FC Dinamo Moscow','CSKA Moscow','','','','','','','','','0',NULL),(349902,214,469,'2018-11-04 12:00:00','','Zenit St. Petersburg','Republican FC Akhmat Grozny','','','','','','','','','0',NULL),(349903,214,469,'2018-11-04 17:00:00','','FC Spartak Moscow','Ural','','','','','','','','','0',NULL),(349904,214,469,'2018-11-05 12:00:00','','FC Orenburg','FC Rubin Kazan','','','','','','','','','0',NULL),(349905,214,469,'2018-11-05 14:30:00','','FC Ufa','Krylya Sovetov Samara','','','','','','','','','0',NULL),(349906,214,469,'2018-11-05 17:00:00','','FC Anzhi Makhachkala','FK Yenisey Krasnoyarsk','','','','','','','','','0',NULL),(350463,177,176,'2018-10-27 15:00:00','','Aberdeen','Livingston','','','','','','','','','0',NULL),(350465,177,176,'2018-10-27 15:00:00','FT','Kilmarnock','Hamilton Academical','1','1','1','1','','','','','0',NULL),(350466,177,176,'2018-10-27 15:00:00','FT','St.Johnstone','St. Mirren','2','0','0','0','','','','','0',NULL),(350468,177,176,'2018-10-28 16:00:00','','Celtic','Motherwell','','','','','','','','','0',NULL),(350469,177,176,'2018-10-31 20:45:00','','Aberdeen','Hamilton Academical','','','','','','','','','0',NULL),(350470,177,176,'2018-10-31 20:45:00','','Dundee FC','Celtic','','','','','','','','','0',NULL),(350471,177,176,'2018-10-31 20:45:00','','Hearts','Hibernian','','','','','','','','','0',NULL),(350472,177,176,'2018-10-31 20:45:00','','Livingston','St.Johnstone','','','','','','','','','0',NULL),(350473,177,176,'2018-10-31 20:45:00','','Rangers','Kilmarnock','','','','','','','','','0',NULL),(350474,177,176,'2018-10-31 20:45:00','','St. Mirren','Motherwell','','','','','','','','','0',NULL),(350475,177,176,'2018-11-03 13:30:00','','St. Mirren','Rangers','','','','','','','','','0',NULL),(350476,177,176,'2018-11-03 16:00:00','','Celtic','Hearts','','','','','','','','','0',NULL),(350477,177,176,'2018-11-03 16:00:00','','Hamilton Academical','Livingston','','','','','','','','','0',NULL),(350478,177,176,'2018-11-03 16:00:00','','Hibernian','St.Johnstone','','','','','','','','','0',NULL),(350479,177,176,'2018-11-03 16:00:00','','Motherwell','Dundee FC','','','','','','','','','0',NULL),(350480,177,176,'2018-11-04 13:15:00','','Kilmarnock','Aberdeen','','','','','','','','','0',NULL),(350586,215,478,'2018-10-27 15:00:00','FT','FK Partizan','FK Napredak Krusevac','1','1','1','0','','','','','0',NULL),(350606,215,478,'2018-10-27 17:00:00','','Mladost Lucani','FK Spartak Subotica','','','','','','','','','0',NULL),(350607,215,478,'2018-10-27 15:00:00','FT','Rad Beograd','Radnicki Nis','0','0','0','0','','','','','0',NULL),(350608,215,478,'2018-10-27 15:00:00','FT','FK Radnik Surdulica','Cukaricki','1','0','0','0','','','','','0',NULL),(350609,215,478,'2018-10-27 15:00:00','FT','Vojvodina','FK Dinamo Vranje','2','0','2','0','','','','','0',NULL),(350610,215,478,'2018-10-27 12:00:00','FT','FK Zemun','Vozdovac','2','1','2','1','','','','','0',NULL),(350612,215,478,'2018-10-27 17:00:00','FT','Backa Backa Palanka','Proleter','0','1','0','1','','','','','0',NULL),(350613,215,478,'2018-10-31 18:00:00','','Cukaricki','FK Partizan','','','','','','','','','0',NULL),(350614,215,478,'2018-10-31 18:00:00','','FK Dinamo Vranje','Proleter','','','','','','','','','0',NULL),(350615,215,478,'2018-10-31 18:00:00','','FK Napredak Krusevac','Mladost Lucani','','','','','','','','','0',NULL),(350616,215,478,'2018-10-31 18:00:00','','Radnicki Nis','Macva Sabac','','','','','','','','','0',NULL),(350618,215,478,'2018-10-31 18:00:00','','FK Spartak Subotica','FK Zemun','','','','','','','','','0',NULL),(350619,215,478,'2018-10-31 18:00:00','','Vojvodina','FK Radnik Surdulica','','','','','','','','','0',NULL),(350620,215,478,'2018-10-31 18:00:00','','Vozdovac','Rad Beograd','','','','','','','','','0',NULL),(350621,215,478,'2018-11-04 18:00:00','','Mladost Lucani','Cukaricki','','','','','','','','','0',NULL),(350622,215,478,'2018-11-04 18:00:00','','FK Partizan','Vojvodina','','','','','','','','','0',NULL),(350624,215,478,'2018-11-04 18:00:00','','Rad Beograd','FK Spartak Subotica','','','','','','','','','0',NULL),(350625,215,478,'2018-11-04 18:00:00','','FK Radnik Surdulica','FK Dinamo Vranje','','','','','','','','','0',NULL),(350626,215,478,'2018-11-04 18:00:00','','FK Zemun','FK Napredak Krusevac','','','','','','','','','0',NULL),(350627,215,478,'2018-11-04 18:00:00','','Macva Sabac','Vozdovac','','','','','','','','','0',NULL),(350628,215,478,'2018-11-04 18:00:00','','Backa Backa Palanka','Radnicki Nis','','','','','','','','','0',NULL),(350729,216,481,'2018-10-27 16:00:00','FT','Nitra','Zilina','0','2','0','2','','','','','0',NULL),(350730,216,481,'2018-10-27 16:00:00','FT','FK Senica','SKF Sered','0','0','0','0','','','','','0',NULL),(350731,216,481,'2018-10-27 15:00:00','FT','Zeleziarne Podbrezova','Slovan Bratislava','0','2','0','1','','','','','0',NULL),(350732,216,481,'2018-10-27 12:45:00','FT','Ruzomberok','Trencin','1','0','0','0','','','','','0',NULL),(350733,216,481,'2018-10-27 16:00:00','FT','Zemplin Michalovce','DAC 1904 Dunajska Streda','2','1','0','0','','','','','0',NULL),(350734,216,481,'2018-10-28 16:00:00','','Zlate Moravce','Spartak Trnava','','','','','','','','','0',NULL),(350735,216,481,'2018-11-03 17:00:00','','DAC 1904 Dunajska Streda','Nitra','','','','','','','','','0',NULL),(350736,216,481,'2018-11-03 17:00:00','','Spartak Trnava','Zeleziarne Podbrezova','','','','','','','','','0',NULL),(350737,216,481,'2018-11-03 17:00:00','','FK Senica','Zlate Moravce','','','','','','','','','0',NULL),(350738,216,481,'2018-11-03 17:00:00','','Zilina','Ruzomberok','','','','','','','','','0',NULL),(350739,216,481,'2018-11-03 17:00:00','','Slovan Bratislava','Zemplin Michalovce','','','','','','','','','0',NULL),(350740,216,481,'2018-11-03 17:00:00','','SKF Sered','Trencin','','','','','','','','','0',NULL),(350887,217,486,'2018-10-27 15:45:00','FT','Maribor','NK Olimpija Ljubljana','1','2','1','0','','','','','0',NULL),(350888,217,486,'2018-10-27 18:00:00','','Rudar Velenje','Aluminij','','','','','','','','','0',NULL),(350889,217,486,'2018-10-27 13:00:00','FT','NK Triglav Kranj','NK Celje','1','2','0','2','','','','','0',NULL),(350890,217,486,'2018-11-03 18:00:00','','Gorica','Rudar Velenje','','','','','','','','','0',NULL),(351065,171,109,'2018-10-28 20:45:00','','Sevilla','SD Huesca','','','','','','','','','0',NULL),(351092,171,109,'2018-10-27 12:00:00','FT','Girona','Rayo Vallecano','2','1','2','0','','','','','0',NULL),(351093,171,109,'2018-10-27 15:15:00','FT','Athletic Bilbao','Valencia CF','0','0','0','0','','','','','0',NULL),(351094,171,109,'2018-10-27 17:30:00','FT','Celta Vigo','Eibar','4','0','2','0','','','','','0',NULL),(351095,171,109,'2018-10-27 17:30:00','FT','Levante','Leganes','2','0','1','0','','','','','0',NULL),(351096,171,109,'2018-10-27 19:45:00','58\'','Atletico Madrid','Real Sociedad','1','0','1','0','','','','','1',NULL),(351097,171,109,'2018-10-28 12:00:00','','Getafe','Real Betis','','','','','','','','','0',NULL),(351098,171,109,'2018-10-28 16:15:00','','Barcelona','Real Madrid','','','','','','','','','0',NULL),(351099,171,109,'2018-10-28 18:30:00','','Deportivo Alaves','Villarreal','','','','','','','','','0',NULL),(351105,171,109,'2018-11-04 16:00:00','','Real Sociedad','Sevilla','','','','','','','','','0',NULL),(351106,171,109,'2018-11-04 16:00:00','','Eibar','Deportivo Alaves','','','','','','','','','0',NULL),(351107,171,109,'2018-11-04 16:00:00','','SD Huesca','Getafe','','','','','','','','','0',NULL),(351109,171,109,'2018-11-04 16:00:00','','Villarreal','Levante','','','','','','','','','0',NULL),(351675,195,350,'2018-10-27 13:00:00','FT','Dalkurd FF','Haecken','0','5','0','3','','','','','0',NULL),(351676,195,350,'2018-10-28 15:00:00','','Hammarby','Kalmar FF','','','','','','','','','0',NULL),(351677,195,350,'2018-10-28 15:00:00','','Oerebro','Djurgaarden','','','','','','','','','0',NULL),(351678,195,350,'2018-10-28 17:30:00','','IFK Norrkoeping','Oestersunds FK','','','','','','','','','0',NULL),(351679,195,350,'2018-10-28 17:30:00','','Sirius','Brommapojkarna','','','','','','','','','0',NULL),(351680,195,350,'2018-10-29 19:00:00','','AIK','Malmoe FF','','','','','','','','','0',NULL),(351681,195,350,'2018-10-30 19:00:00','','Elfsborg','Dalkurd FF','','','','','','','','','0',NULL),(351682,195,350,'2018-10-31 19:00:00','','Brommapojkarna','IFK Norrkoeping','','','','','','','','','0',NULL),(351683,195,350,'2018-10-31 19:00:00','','Djurgaarden','IFK Gothenburg','','','','','','','','','0',NULL),(351684,195,350,'2018-10-31 19:00:00','','GIF Sundsvall','Hammarby','','','','','','','','','0',NULL),(351685,195,350,'2018-10-31 19:00:00','','Haecken','Sirius','','','','','','','','','0',NULL),(351686,195,350,'2018-10-31 19:00:00','','Kalmar FF','Trelleborgs FF','','','','','','','','','0',NULL),(351687,195,350,'2018-11-01 19:00:00','','Malmoe FF','Oerebro','','','','','','','','','0',NULL),(351688,195,350,'2018-11-01 19:00:00','','Oestersunds FK','AIK','','','','','','','','','0',NULL),(351689,195,350,'2018-11-04 15:00:00','','IFK Gothenburg','Malmoe FF','','','','','','','','','0',NULL),(351690,195,350,'2018-11-04 15:00:00','','IFK Norrkoeping','Oerebro','','','','','','','','','0',NULL),(351691,195,350,'2018-11-04 17:30:00','','AIK','GIF Sundsvall','','','','','','','','','0',NULL),(351692,195,350,'2018-11-04 17:30:00','','Hammarby','Haecken','','','','','','','','','0',NULL),(351693,195,350,'2018-11-05 19:00:00','','Dalkurd FF','Djurgaarden','','','','','','','','','0',NULL),(351694,195,350,'2018-11-05 19:00:00','','Elfsborg','Brommapojkarna','','','','','','','','','0',NULL),(351695,195,350,'2018-11-05 19:00:00','','Sirius','Kalmar FF','','','','','','','','','0',NULL),(351696,195,350,'2018-11-05 19:00:00','','Trelleborgs FF','Oestersunds FK','','','','','','','','','0',NULL),(351718,196,368,'2018-10-27 18:00:00','FT','Young Boys','Sion','3','2','0','2','','','','','0',NULL),(351721,196,368,'2018-11-03 19:00:00','','Sion','FC St. Gallen','','','','','','','','','0',NULL),(351722,196,368,'2018-11-03 19:00:00','','Thun','Xamax','','','','','','','','','0',NULL),(351723,196,368,'2018-11-03 19:00:00','','Grasshopper','Young Boys','','','','','','','','','0',NULL),(352043,197,376,'2018-10-28 19:00:00','','Erzurumspor','Kasimpasa','','','','','','','','','0',NULL),(352044,197,376,'2018-10-28 18:30:00','','Fenerbahce','Ankaragucu','','','','','','','','','0',NULL),(352045,197,376,'2018-10-28 11:30:00','','Kayserispor','Sivasspor','','','','','','','','','0',NULL),(352046,197,376,'2018-10-28 16:00:00','','Yeni Malatyaspor','Galatasaray','','','','','','','','','0',NULL),(352047,197,376,'2018-11-04 19:00:00','','Akhisar Bld Spor','Erzurumspor','','','','','','','','','0',NULL),(352048,197,376,'2018-11-04 19:00:00','','Alanyaspor','Yeni Malatyaspor','','','','','','','','','0',NULL),(352053,197,376,'2018-11-04 19:00:00','','Ankaragucu','Kayserispor','','','','','','','','','0',NULL),(352055,197,376,'2018-11-04 19:00:00','','Trabzonspor','Bursaspor','','','','','','','','','0',NULL),(352595,218,490,'2018-10-27 15:00:00','FT','FC Arsenal Kiev','FC Shakhtar Donetsk','0','3','0','1','','','','','0',NULL),(352597,218,490,'2018-10-27 12:00:00','','Vorskla','Olimpik Donetsk','','','','','','','','','0',NULL),(352598,218,490,'2018-10-27 15:00:00','FT','Zorya Luhansk','Oleksandriya','0','0','0','0','','','','','0',NULL),(352599,218,490,'2018-10-27 12:00:00','FT','Desna','FC Mariupol','2','0','1','0','','','','','0',NULL),(352602,218,490,'2018-11-03 13:00:00','','FC Mariupol','FC Arsenal Kiev','','','','','','','','','0',NULL),(352605,218,490,'2018-11-03 13:00:00','','FC Shakhtar Donetsk','FC Dynamo Kiev','','','','','','','','','0',NULL),(352925,198,395,'2018-10-27 14:30:00','FT','Bala Town FC','Barry Town United FC','0','1','0','1','','','','','0',NULL),(352926,198,395,'2018-10-27 14:30:00','FT','Newtown','TNS','1','1','1','0','','','','','0',NULL),(352927,198,395,'2018-10-28 15:30:00','','Cardiff Met University','Carmarthen','','','','','','','','','0',NULL),(352928,198,395,'2018-11-02 20:45:00','','Aberystwyth','TNS','','','','','','','','','0',NULL),(352929,198,395,'2018-11-02 20:45:00','','Cefn Druids','Newtown','','','','','','','','','0',NULL),(352930,198,395,'2018-11-03 15:30:00','','Bala Town FC','Cardiff Met University','','','','','','','','','0',NULL),(352931,198,395,'2018-11-03 15:30:00','','Carmarthen','Caernarfon Town FC','','','','','','','','','0',NULL),(352932,198,395,'2018-11-03 15:30:00','','Connah\'s Quay','Llanelli AFC','','','','','','','','','0',NULL),(352933,198,395,'2018-11-04 15:30:00','','Barry Town United FC','Llandudno FC','','','','','','','','','0',NULL),(354009,199,400,'2018-10-27 12:00:00','FT','FC Torpedo Minsk','FK Vitebsk','0','1','0','1','','','','','0',NULL),(354010,199,400,'2018-10-27 14:00:00','FT','FK Gorodeya','Smolevichy','4','1','1','1','','','','','0',NULL),(354011,199,400,'2018-10-27 16:00:00','FT','Neman Grodno','FC Luch Minsk','0','0','0','0','','','','','0',NULL),(354012,199,400,'2018-10-28 13:00:00','','Torpedo Zhodino','Shakhtyor Soligorsk','','','','','','','','','0',NULL),(354013,199,400,'2018-10-28 15:00:00','','Dinamo Minsk','Dinamo Brest','','','','','','','','','0',NULL),(354014,199,400,'2018-10-28 17:00:00','','Gomel','BATE Borisov','','','','','','','','','0',NULL),(354224,202,411,'2018-10-28 15:00:00','','Hajduk Split','Rijeka','','','','','','','','','0',NULL),(354318,187,284,'2018-10-29 19:00:00','','FC Midtjylland','Broendby If','','','','','','','','','0',NULL),(354319,187,284,'2018-11-04 12:30:00','','Broendby If','FC Koebenhavn','','','','','','','','','0',NULL),(355679,194,345,'2018-11-02 20:35:00','','Ballymena United','Glenavon','','','','','','','','','0',NULL),(356197,196,368,'2018-10-28 16:00:00','','Lugano','Thun','','','','','','','','','0',NULL),(356199,196,368,'2018-10-28 16:00:00','','Xamax','Luzern','','','','','','','','','0',NULL),(356270,197,376,'2018-10-27 14:00:00','FT','Konyaspor','Istanbul Basaksehir','0','1','0','0','','','','','0',NULL),(357294,185,274,'2018-10-28 14:30:00','','Wolfsberger AC','SKN St. Poelten','','','','','','','','','0',NULL),(357295,185,274,'2018-10-28 14:30:00','','Rapid Wien','Admira Wacker','','','','','','','','','0',NULL),(357296,185,274,'2018-10-28 17:00:00','','LASK','Salzburg','','','','','','','','','0',NULL),(357297,185,274,'2018-11-04 14:30:00','','Salzburg','Mattersburg','','','','','','','','','0',NULL),(357298,185,274,'2018-11-04 14:30:00','','Austria Wien','Wolfsberger AC','','','','','','','','','0',NULL),(357299,185,274,'2018-11-04 17:00:00','','Altach','Rapid Wien','','','','','','','','','0',NULL),(357462,201,407,'2018-10-27 15:30:00','FT','OFC Botev Vratsa','Botev Plovdiv','0','1','0','0','','','','','0',NULL),(357463,201,407,'2018-10-28 14:00:00','','Etar','Slavia Sofia','','','','','','','','','0',NULL),(357464,201,407,'2018-10-28 16:30:00','','FK Septemvri Sofia','Ludogorets 1945 Razgrad','','','','','','','','','0',NULL),(357465,201,407,'2018-11-03 15:00:00','','Levski Sofia','PFK Botev Plovdiv','','','','','','','','','0',NULL),(357522,202,411,'2018-10-28 17:30:00','','Slaven','Dinamo Zagreb','','','','','','','','','0',NULL),(357888,173,127,'2018-10-28 15:00:00','','Rennes','Reims','','','','','','','','','0',NULL),(357889,173,127,'2018-10-28 17:00:00','','Bordeaux','Nice','','','','','','','','','0',NULL),(357890,173,127,'2018-11-02 20:45:00','','Paris Saint Germain','Lille','','','','','','','','','0',NULL),(357891,173,127,'2018-11-04 15:00:00','','Nantes','Guingamp','','','','','','','','','0',NULL),(357892,173,127,'2018-11-04 17:00:00','','Saint-Etienne','Angers','','','','','','','','','0',NULL),(357893,173,127,'2018-11-04 21:00:00','','Montpellier','Marseille','','','','','','','','','0',NULL),(357919,173,128,'2018-10-27 14:00:00','FT','Le Havre','Lens','2','1','1','0','','','','','0',NULL),(357920,173,128,'2018-10-29 20:45:00','','Clermont Foot','Brest','','','','','','','','','0',NULL),(357921,173,128,'2018-11-02 20:00:00','','AC Ajaccio','Gazelec FC Ajaccio','','','','','','','','','0',NULL),(358146,189,306,'2018-10-27 16:00:00','','Larisa Ael','OFI Crete FC','','','','','','','','','0',NULL),(358147,189,306,'2018-10-27 17:00:00','FT','Lamia','Levadiakos','3','2','2','0','','','','','0',NULL),(358148,189,306,'2018-10-27 17:30:00','','AEK Athens FC','Aris Thessaloniki FC','','','','','','','','','0',NULL),(358149,189,306,'2018-10-29 18:00:00','','Xanthi','PAS Giannina FC','','','','','','','','','0',NULL),(358150,189,306,'2018-10-29 18:30:00','','Olympiacos','Apollon Smyrnis','','','','','','','','','0',NULL),(358151,189,306,'2018-11-03 15:00:00','','Atromitos Athens','PAOK FC','','','','','','','','','0',NULL),(358152,189,306,'2018-11-03 16:15:00','','Panionios Athens','Panaitolikos','','','','','','','','','0',NULL),(358153,189,306,'2018-11-03 18:00:00','','Panathinaikos Athens','AEK Athens FC','','','','','','','','','0',NULL),(358154,189,306,'2018-11-03 18:30:00','','Levadiakos FC','Larisa Ael','','','','','','','','','0',NULL),(358155,189,306,'2018-11-05 18:30:00','','Asteras Tripolis','Xanthi','','','','','','','','','0',NULL),(358244,205,424,'2018-10-28 17:00:00','','Kisvarda FC','Vidi FC','','','','','','','','','0',NULL),(358557,212,453,'2018-10-28 14:30:00','','Korona Kielce SA','Cracovia','','','','','','','','','0',NULL),(358558,212,453,'2018-10-28 18:00:00','','Gornik Zabrze','KGHM Zaglebie Lubin','','','','','','','','','0',NULL),(358559,212,453,'2018-10-29 18:00:00','','Wisla Krakow','Zaglebie Sosnowiec SA','','','','','','','','','0',NULL),(358560,212,453,'2018-11-02 19:30:00','','Piast Gliwice','Wisla Krakow','','','','','','','','','0',NULL),(358561,212,453,'2018-11-04 15:30:00','','KGHM Zaglebie Lubin','Korona Kielce SA','','','','','','','','','0',NULL),(358562,212,453,'2018-11-05 18:00:00','','Zaglebie Sosnowiec SA','Jagiellonia Bialystok','','','','','','','','','0',NULL),(358582,176,150,'2018-10-27 15:30:00','FT','Aves','Santa Clara','1','2','0','2','','','','','0',NULL),(358583,176,150,'2018-10-27 18:00:00','FT','Rio Ave','Chaves','1','0','0','0','','','','','0',NULL),(358584,176,150,'2018-10-28 16:00:00','','Tondela','Vitoria de Setubal','','','','','','','','','0',NULL),(358585,176,150,'2018-11-03 21:30:00','','Boavista','Vitoria de Guimaraes','','','','','','','','','0',NULL),(358586,176,150,'2018-11-04 21:00:00','','Braga','Vitoria de Setubal','','','','','','','','','0',NULL),(358587,176,150,'2018-11-05 20:00:00','','Rio Ave','Nacional','','','','','','','','','0',NULL),(358684,215,478,'2018-10-31 18:00:00','','FK Crvena Zvezda','Backa Backa Palanka','','','','','','','','','0',NULL),(358685,215,478,'2018-11-04 18:00:00','','Proleter','FK Crvena Zvezda','','','','','','','','','0',NULL),(358775,171,109,'2018-11-03 13:00:00','','Leganes','Atletico Madrid','','','','','','','','','0',NULL),(358776,171,109,'2018-11-03 16:15:00','','Real Madrid','Real Valladolid','','','','','','','','','0',NULL),(358777,171,109,'2018-11-03 18:30:00','','Valencia CF','Girona','','','','','','','','','0',NULL),(358778,171,109,'2018-11-03 20:45:00','','Rayo Vallecano','Barcelona','','','','','','','','','0',NULL),(358779,171,109,'2018-11-04 20:45:00','','Real Betis Balompie','Celta Vigo','','','','','','','','','0',NULL),(358780,171,109,'2018-11-05 21:00:00','','RCD Espanyol','Athletic Bilbao','','','','','','','','','0',NULL),(358826,196,368,'2018-10-27 18:00:00','FT','Grasshoppers','FC Basel','1','3','0','3','','','','','0',NULL),(358827,196,368,'2018-10-28 16:00:00','','FC St. Gallen 1879','FC Zuerich','','','','','','','','','0',NULL),(358828,196,368,'2018-11-04 16:00:00','','Luzern','FC Zuerich','','','','','','','','','0',NULL),(358829,196,368,'2018-11-04 16:00:00','','Sion','FC St. Gallen 1879','','','','','','','','','0',NULL),(358830,196,368,'2018-11-05 16:00:00','','FC Basel 1893','Lugano','','','','','','','','','0',NULL),(358861,197,376,'2018-10-27 11:30:00','FT','Erzurum BB','Kasimpasa','1','1','1','0','','','','','0',NULL),(358862,197,376,'2018-10-27 17:00:00','FT','Antalyaspor','Trabzonspor','1','1','1','1','','','','','0',NULL),(358863,197,376,'2018-10-29 18:00:00','','Akhisar Bld Spor','Goztepe','','','','','','','','','0',NULL),(358864,197,376,'2018-10-29 18:00:00','','Besiktas','Rizespor','','','','','','','','','0',NULL),(358865,197,376,'2018-11-05 19:00:00','','Sivasspor','Konyaspor','','','','','','','','','0',NULL),(358949,218,490,'2018-10-28 15:00:00','','FC Dynamo Kiev','FC Lviv','','','','','','','','','0',NULL),(358950,218,490,'2018-10-28 17:30:00','','Vorskla','FC Olimpik Donetsk','','','','','','','','','0',NULL),(358951,218,490,'2018-11-04 12:00:00','','Oleksandriya','Desna','','','','','','','','','0',NULL),(358952,218,490,'2018-11-04 15:00:00','','FC Lviv','Vorskla','','','','','','','','','0',NULL),(358953,218,490,'2018-11-04 17:30:00','','FC Chernomorets Odessa','Zorya Luhansk','','','','','','','','','0',NULL),(360313,201,407,'2018-11-04 11:30:00','','OFC Botev Vratsa','Cherno More Varna','','','','','','','','','0',NULL),(360314,201,407,'2018-11-04 14:00:00','','Levski Sofia','Botev Plovdiv','','','','','','','','','0',NULL),(360315,201,407,'2018-11-04 16:30:00','','Etar','Ludogorets 1945 Razgrad','','','','','','','','','0',NULL),(360316,201,407,'2018-11-05 16:30:00','','Beroe','Slavia Sofia','','','','','','','','','0',NULL),(360367,202,411,'2018-11-04 15:00:00','','HNK Gorica','Hajduk Split','','','','','','','','','0',NULL),(360368,202,411,'2018-11-04 17:30:00','','NK Osijek','Dinamo Zagreb','','','','','','','','','0',NULL),(360369,202,411,'2018-11-05 18:00:00','','Inter Zapresic','Slaven','','','','','','','','','0',NULL),(360421,203,415,'2018-10-28 15:00:00','','FC Viktoria Plzen','1 FC Slovacko','','','','','','','','','0',NULL),(360422,203,415,'2018-10-28 17:00:00','','Jablonec','FC Slovan Liberec','','','','','','','','','0',NULL),(360423,203,415,'2018-10-29 18:00:00','','Slavia Prague','FK Dukla Prague','','','','','','','','','0',NULL),(360672,169,62,'2018-11-04 16:00:00','','Manchester City','Southampton','','','','','','','','','0',NULL),(360811,173,128,'2018-11-03 15:00:00','','AS Beziers','FC Lorient','','','','','','','','','0',NULL),(360812,173,128,'2018-11-03 15:00:00','','Niort','Le Havre','','','','','','','','','0',NULL),(360813,173,128,'2018-11-03 15:00:00','','Lens','Chateauroux','','','','','','','','','0',NULL),(360814,173,128,'2018-11-03 15:00:00','','Troyes','Valenciennes FC','','','','','','','','','0',NULL),(360815,173,128,'2018-11-03 15:00:00','','Orleans','Grenoble','','','','','','','','','0',NULL),(360816,173,128,'2018-11-05 20:45:00','','FC Metz','AJ Auxerre','','','','','','','','','0',NULL),(360884,172,117,'2018-11-04 15:30:00','','Monchengladbach','Fortuna Duesseldorf','','','','','','','','','0',NULL),(361576,212,453,'2018-11-02 18:00:00','','Arka Gdynia 1929','Pogon Szczecin','','','','','','','','','0',NULL),(361577,212,453,'2018-11-04 18:00:00','','Lech Poznan','KS Lechia Gdansk','','','','','','','','','0',NULL),(361716,176,150,'2018-10-27 20:30:00','28\'','Belenenses','Benfica','0','0','','','','','','','1',NULL),(361717,176,150,'2018-11-02 21:30:00','','Benfica','Moreirense','','','','','','','','','0',NULL),(361718,176,150,'2018-11-03 16:30:00','','Portimonense','CF Os Belenenses','','','','','','','','','0',NULL),(361719,176,150,'2018-11-03 19:00:00','','Maritimo','Porto','','','','','','','','','0',NULL),(361720,176,150,'2018-11-05 22:15:00','','Chaves','Aves','','','','','','','','','0',NULL),(361782,213,459,'2018-10-27 19:00:00','','Concordia Chiajna','Dinamo Bucuresti','','','','','','','','','0',NULL),(361783,213,459,'2018-10-28 12:00:00','','FC Dunarea Calarasi','Gaz Metan Medias','','','','','','','','','0',NULL),(361784,213,459,'2018-10-28 19:00:00','','Sepsi OSK','CFR Cluj','','','','','','','','','0',NULL),(361785,213,459,'2018-11-02 20:00:00','','CSMS Iasi','CS Universitatea Craiova','','','','','','','','','0',NULL),(361786,213,459,'2018-11-04 12:00:00','','FC Dunarea Calarasi','FC Viitorul Constanta','','','','','','','','','0',NULL),(361787,213,459,'2018-11-04 20:00:00','','FC FCSB','Astra Giurgiu','','','','','','','','','0',NULL),(361788,213,459,'2018-11-05 16:00:00','','Concordia Chiajna','Gaz Metan Medias','','','','','','','','','0',NULL),(361789,213,459,'2018-11-05 19:00:00','','FC Voluntari','Dinamo Bucuresti','','','','','','','','','0',NULL),(361968,217,486,'2018-10-28 14:00:00','','NK Krsko','NS Mura','','','','','','','','','0',NULL),(361969,217,486,'2018-10-28 16:00:00','','Domzale','Gorica','','','','','','','','','0',NULL),(361970,217,486,'2018-11-04 11:45:00','','NK Triglav Kranj','NK Krsko','','','','','','','','','0',NULL),(361971,217,486,'2018-11-04 14:00:00','','NK Celje','Maribor','','','','','','','','','0',NULL),(361972,217,486,'2018-11-04 16:15:00','','NK Olimpija Ljubljana','Domzale','','','','','','','','','0',NULL),(361973,217,486,'2018-11-04 18:30:00','','Aluminij','NS Mura','','','','','','','','','0',NULL),(362159,197,376,'2018-11-02 19:00:00','','Galatasaray','Fenerbahce','','','','','','','','','0',NULL),(362160,197,376,'2018-11-03 11:30:00','','Kasimpasa','Antalyaspor','','','','','','','','','0',NULL),(362161,197,376,'2018-11-03 14:00:00','','Akhisar Bld Spor','Erzurum BB','','','','','','','','','0',NULL),(362162,197,376,'2018-11-03 17:00:00','','Istanbul Basaksehir','Besiktas','','','','','','','','','0',NULL),(362163,197,376,'2018-11-05 18:00:00','','Goztepe','Rizespor','','','','','','','','','0',NULL),(362233,218,490,'2018-11-03 17:30:00','','FC Olimpik Donetsk','Karpaty Lviv','','','','','','','','','0',NULL),(362648,189,306,'2018-10-27 15:15:00','FT','Larisa Ael','OFI Crete','0','0','0','0','','','','','0',NULL),(362652,218,490,'2018-10-27 12:00:00','','Karpaty Lviv','Poltava','?','?','','','','','','','0',NULL),(362776,176,150,'2018-10-28 18:30:00','','FC Porto','Feirense','','','','','','','','','0',NULL),(362909,199,400,'2018-11-02 13:00:00','','FC Minsk','FK Gorodeya','','','','','','','','','0',NULL),(362910,199,400,'2018-11-04 12:00:00','','FK Slutsk','FC Torpedo Minsk','','','','','','','','','0',NULL),(362911,199,400,'2018-11-04 14:00:00','','Dnepr Mogilev','Torpedo Zhodino','','','','','','','','','0',NULL),(362912,199,400,'2018-11-04 16:00:00','','BATE Borisov','Neman Grodno','','','','','','','','','0',NULL),(362913,199,400,'2018-11-04 17:45:00','','FC Luch Minsk','Shakhtyor Soligorsk','','','','','','','','','0',NULL),(362914,199,400,'2018-11-05 13:00:00','','Smolevichy','Gomel','','','','','','','','','0',NULL),(363010,200,403,'2018-10-28 14:30:00','','NK Gosk Gabela','FK Sarajevo','','','','','','','','','0',NULL),(363090,202,411,'2018-11-05 19:00:00','','Rijeka','Rudes','','','','','','','','','0',NULL),(363124,186,280,'2018-10-31 18:00:00','','APOEL Nicosia','Omonia Nicosia','','','','','','','','','0',NULL),(363143,203,415,'2018-11-02 18:00:00','','Bohemians Prague 1905','Teplice','','','','','','','','','0',NULL),(363144,203,415,'2018-11-04 17:00:00','','AC Sparta Prague','Slavia Prague','','','','','','','','','0',NULL),(363145,203,415,'2018-11-05 18:00:00','','FC Slovan Liberec','FK Mlada Boleslav','','','','','','','','','0',NULL),(363526,189,306,'2018-10-28 18:30:00','','AEK Athens','Aris Thessaloniki','','','','','','','','','0',NULL),(363549,189,306,'2018-10-29 18:00:00','','Xanthi FC','PAS Giannina','','','','','','','','','0',NULL),(363550,189,306,'2018-10-29 20:30:00','','PAOK Thessaloniki FC','Panathinaikos','','','','','','','','','0',NULL),(363683,189,306,'2018-11-03 15:00:00','','Atromitos','PAOK Thessaloniki FC','','','','','','','','','0',NULL),(363684,189,306,'2018-11-03 16:15:00','','Panionios','Panetolikos','','','','','','','','','0',NULL),(363685,189,306,'2018-11-03 18:30:00','','Levadiakos','AE Larissa','','','','','','','','','0',NULL),(364375,215,478,'2018-10-28 16:30:00','','Macva Sabac','FK Red Star Belgrade','','','','','','','','','0',NULL),(364528,196,368,'2018-11-04 16:00:00','','FC Basel','Lugano','','','','','','','','','0',NULL),(364726,218,490,'2018-10-27 17:00:00','','FC Chernomorets Odessa','Karpaty Lviv','?','?','','','','','','','0',NULL);
/*!40000 ALTER TABLE `matches` ENABLE KEYS */;
UNLOCK TABLES;

--
-- Table structure for table `standings`
--

DROP TABLE IF EXISTS `standings`;
/*!40101 SET @saved_cs_client     = @@character_set_client */;
/*!40101 SET character_set_client = utf8 */;
CREATE TABLE `standings` (
  `league_id` int(11) NOT NULL,
  `club_id` int(11) NOT NULL,
  `country_name` varchar(100) DEFAULT NULL,
  `league_name` varchar(100) DEFAULT NULL,
  `team_name` varchar(100) DEFAULT NULL,
  `position` varchar(5) DEFAULT NULL,
  `played` varchar(5) DEFAULT NULL,
  `win` varchar(5) DEFAULT NULL,
  `draw` varchar(5) DEFAULT NULL,
  `lose` varchar(5) DEFAULT NULL,
  `points` varchar(5) DEFAULT NULL,
  `goals_for` varchar(5) DEFAULT NULL,
  `goals_against` varchar(5) DEFAULT NULL,
  PRIMARY KEY (`league_id`,`club_id`),
  KEY `club_id_standings_fk_idx` (`club_id`),
  CONSTRAINT `club_id_standings_fk` FOREIGN KEY (`club_id`) REFERENCES `clubs` (`club_id`) ON DELETE NO ACTION ON UPDATE NO ACTION,
  CONSTRAINT `league_id_standings_fk` FOREIGN KEY (`league_id`) REFERENCES `leagues` (`league_id`) ON DELETE NO ACTION ON UPDATE NO ACTION
) ENGINE=InnoDB DEFAULT CHARSET=latin1;
/*!40101 SET character_set_client = @saved_cs_client */;

--
-- Dumping data for table `standings`
--

LOCK TABLES `standings` WRITE;
/*!40000 ALTER TABLE `standings` DISABLE KEYS */;
/*!40000 ALTER TABLE `standings` ENABLE KEYS */;
UNLOCK TABLES;

--
-- Table structure for table `streams`
--

DROP TABLE IF EXISTS `streams`;
/*!40101 SET @saved_cs_client     = @@character_set_client */;
/*!40101 SET character_set_client = utf8 */;
CREATE TABLE `streams` (
  `stream_id` int(11) NOT NULL AUTO_INCREMENT,
  `url` varchar(200) DEFAULT NULL,
  `score` varchar(45) DEFAULT NULL,
  `name` varchar(500) DEFAULT NULL,
  `match_id` int(11) DEFAULT NULL,
  PRIMARY KEY (`stream_id`),
  KEY `match_id_streams_fk_idx` (`match_id`),
  CONSTRAINT `match_id_streams_fk` FOREIGN KEY (`match_id`) REFERENCES `matches` (`match_id`) ON DELETE NO ACTION ON UPDATE NO ACTION
) ENGINE=InnoDB AUTO_INCREMENT=6397 DEFAULT CHARSET=latin1;
/*!40101 SET character_set_client = @saved_cs_client */;

--
-- Dumping data for table `streams`
--

LOCK TABLES `streams` WRITE;
/*!40000 ALTER TABLE `streams` DISABLE KEYS */;
/*!40000 ALTER TABLE `streams` ENABLE KEYS */;
UNLOCK TABLES;

--
-- Table structure for table `substitutions`
--

DROP TABLE IF EXISTS `substitutions`;
/*!40101 SET @saved_cs_client     = @@character_set_client */;
/*!40101 SET character_set_client = utf8 */;
CREATE TABLE `substitutions` (
  `substitution_id` int(11) NOT NULL,
  `match_id` int(11) DEFAULT NULL,
  `team_id` varchar(45) DEFAULT NULL,
  `player_swap` varchar(100) DEFAULT NULL,
  `time` varchar(45) DEFAULT NULL,
  PRIMARY KEY (`substitution_id`),
  KEY `match_id_substitutions_fk_idx` (`match_id`),
  CONSTRAINT `match_id_substitutions_fk` FOREIGN KEY (`match_id`) REFERENCES `matches` (`match_id`) ON DELETE NO ACTION ON UPDATE NO ACTION
) ENGINE=InnoDB DEFAULT CHARSET=latin1;
/*!40101 SET character_set_client = @saved_cs_client */;

--
-- Dumping data for table `substitutions`
--

LOCK TABLES `substitutions` WRITE;
/*!40000 ALTER TABLE `substitutions` DISABLE KEYS */;
/*!40000 ALTER TABLE `substitutions` ENABLE KEYS */;
UNLOCK TABLES;
/*!40103 SET TIME_ZONE=@OLD_TIME_ZONE */;

/*!40101 SET SQL_MODE=@OLD_SQL_MODE */;
/*!40014 SET FOREIGN_KEY_CHECKS=@OLD_FOREIGN_KEY_CHECKS */;
/*!40014 SET UNIQUE_CHECKS=@OLD_UNIQUE_CHECKS */;
/*!40101 SET CHARACTER_SET_CLIENT=@OLD_CHARACTER_SET_CLIENT */;
/*!40101 SET CHARACTER_SET_RESULTS=@OLD_CHARACTER_SET_RESULTS */;
/*!40101 SET COLLATION_CONNECTION=@OLD_COLLATION_CONNECTION */;
/*!40111 SET SQL_NOTES=@OLD_SQL_NOTES */;

-- Dump completed on 2018-10-27 23:30:21
